Email,Fname,Lname,Birth_Date,Phone_Number,Longitude,Latitude,Remaining_Points
afairpo0@biglobe.ne.jp,Atalanta,Fairpo,28/3/2003,6949728420,-71.85849,8.34816,910
pferronier1@thetimes.co.uk,Prentiss,Ferronier,18/8/1994,6916153330,37.5852425,54.1649073,520
bblanket2@dmoz.org,Bennie,Blanket,10/9/2001,6937345730,113.83012,22.141482,530
mcoulthart3@privacy.gov.au,Morganica,Coulthart,4/11/2003,6997011911,21.9487589,49.5792067,550
sschoales4@gravatar.com,Shannon,Schoales,31/5/1980,6922557208,115.2229232,-8.6470988,430
klester5@bravesites.com,Kylynn,Lester,3/5/1995,6965793299,19.8634282,51.8370136,320
lbatchelor6@multiply.com,Lizzie,Batchelor,19/1/1987,6985703493,112.8915932,30.5211502,50
hizsak7@bing.com,Hildegarde,Izsak,9/7/1999,6973562138,13.0716999,50.4322664,580
cschutt8@wordpress.org,Cherilyn,Schutt,29/10/1987,6942439441,112.734174,38.416663,910
wperell9@google.co.jp,Whitney,Perell,22/8/1989,6901532784,113.121435,23.021478,420
smacparlanda@hc360.com,Susy,MacParland,11/3/2003,6987262136,43.4895256,43.5661719,230
rhemblingb@omniture.com,Rebecca,Hembling,31/8/2001,6997327304,118.334359,30.914922,530
egroundwaterc@about.me,Ethelin,Groundwater,17/8/1993,6917919956,110.1317822,-7.5989183,270
lcranstound@linkedin.com,Levy,Cranstoun,3/2/1990,6934499339,133.5102054,34.5107712,270
jfearne@huffingtonpost.com,Jilly,Fearn,10/11/1986,6964729018,-71.437354,-41.172184,990
cconstablef@hugedomains.com,Cindy,Constable,23/8/1993,6954894610,-6.4496384,53.3582341,860
cmayoralg@economist.com,Carmina,Mayoral,18/4/1999,6936561728,117.625696,37.77026,760
lsmidmoorh@google.ru,Louise,Smidmoor,10/3/1988,6958032155,104.2308774,23.3747635,240
dtrevertoni@seattletimes.com,Demetria,Treverton,12/10/1982,6999600533,110.0196561,-7.1066698,710
dhillbornej@java.com,Duncan,Hillborne,8/6/1993,6922938583,114.740557,40.766965,310
gvittek@rambler.ru,Gustav,Vitte,6/8/2001,6991386640,121.003315,14.4437285,640
jgraeserl@umn.edu,Jeddy,Graeser,3/9/1990,6961401574,-43.3619983,-4.8654138,300
tnorthridgem@blogger.com,Thornton,Northridge,23/3/1981,6993499655,25.8107681,-24.5551012,290
shatwellsn@engadget.com,Sukey,Hatwells,23/6/1994,6950045959,123.1548332,-8.2837661,290
jbarwoodo@nbcnews.com,Joni,Barwood,20/4/1992,6924301281,-7.7655701,53.5650926,760
mkachp@blinklist.com,Mozes,Kach,1/3/1996,6983874570,135.0394338,48.5393826,240
pvendittiq@slideshare.net,Phaidra,Venditti,5/7/1986,6927072171,36.164764,47.6479788,840
rhouldr@cisco.com,Ruperto,Hould,4/10/1999,6954427172,80.9158333,35.3158333,80
tlawlands@ucsd.edu,Tamara,Lawland,20/9/1986,6972791596,17.0837083,49.718789,910
kpolleyt@bloomberg.com,Kirk,Polley,5/9/1983,6923589926,-37.43854,-11.268661,620
bkowalu@tinypic.com,Berta,Kowal,18/11/1994,6930299206,120.5851587,14.4547788,280
rmatthensenv@vimeo.com,Ruby,Matthensen,10/9/1983,6979874064,-48.7417603,-22.075317,450
nchapirow@prnewswire.com,Nero,Chapiro,27/7/1987,6981690474,122.8283,-10.9232,740
klilleymanx@cnbc.com,Kristos,Lilleyman,18/3/2001,6924926061,74.3268113,31.5064623,760
tmountainy@linkedin.com,Trixi,Mountain,19/3/1995,6961094855,-40.2957768,-20.2976178,380
bbarnissz@npr.org,Barrie,Barniss,27/12/2001,6994973606,18.3601496,59.7436995,900
ocandlin10@goo.gl,Oralia,Candlin,6/10/1980,6970796968,-9.1343145,38.4490819,700
eshildrick11@taobao.com,Emmalynn,Shildrick,20/10/1998,6936043129,109.6396262,53.6179245,860
dclyde12@delicious.com,Dimitri,Clyde,15/6/1991,6922862724,43.3475695,-11.4056968,620
glesurf13@eventbrite.com,Grange,Lesurf,4/2/1992,6921183746,127.2796786,37.0079695,770
gmattock14@apple.com,Genni,Mattock,4/10/1990,6942376098,-86.4364441,11.8469126,980
dgladyer15@harvard.edu,Devan,Gladyer,31/1/1999,6941376679,-0.662941,45.126841,80
chumpage16@artisteer.com,Cesya,Humpage,13/10/1984,6992182172,27.8023025,48.6184003,360
jfrancecione17@artisteer.com,Jonathon,Francecione,14/9/1996,6937332800,-36.6602483,-6.6858425,640
csibbald18@studiopress.com,Cordy,Sibbald,24/10/1986,6906997814,-16.8621088,32.6455862,950
lbolus19@lulu.com,Lyman,Bolus,11/11/1982,6962248732,94.915316,31.254198,480
cmuldownie1a@wunderground.com,Carissa,Muldownie,1/10/1990,6966174301,81.280527,40.547653,90
bkanwell1b@privacy.gov.au,Budd,Kanwell,30/6/1998,6986260911,117.407783,39.618469,990
rlapthorne1c@newsvine.com,Ronny,Lapthorne,26/9/1994,6971129366,100.4842054,13.7836468,250
speattie1d@auda.org.au,Star,Peattie,30/12/1980,6985971897,5.1214901,49.8417042,430
dtrotter1e@wikimedia.org,Domenic,Trotter,25/9/2002,6931034711,22.5513331,39.0729188,680
nsalisbury1f@cpanel.net,Natasha,Salisbury,12/12/1985,6901713802,-60.6682209,-32.9578112,620
jbenting1g@sun.com,Joelle,Benting,20/9/1980,6939361026,-67.5827744,5.6614718,360
jkevern1h@drupal.org,Joye,Kevern,22/7/2003,6965441719,-78.5646656,-7.9035359,890
mkilmurray1i@barnesandnoble.com,Maris,Kilmurray,14/7/1986,6972833604,124.0251538,-9.6635623,480
afeatherby1j@ucoz.com,Annnora,Featherby,19/3/2001,6930836031,-101.2049226,20.5593774,680
tlavrinov1k@miitbeian.gov.cn,Tadeas,Lavrinov,23/10/1998,6977305620,-96.3966046,41.244729,810
tliccardo1l@toplist.cz,Tiff,Liccardo,21/9/1988,6997073903,120.988562,15.7924989,330
speffer1m@cbslocal.com,Sammie,Peffer,6/2/1993,6959079823,-80.2453748,-3.4816267,630
psired1n@rambler.ru,Pierre,Sired,25/1/1983,6927244153,96.8324201,3.7144776,110
ahyder1o@hostgator.com,Alvina,Hyder,6/9/1981,6906752897,20.7400297,42.2098979,180
dlevane1p@usnews.com,Dilan,Levane,30/3/1983,6959210649,104.874073,29.272581,150
godoireidh1q@accuweather.com,Gail,O'Doireidh,26/8/1983,6946149441,120.4493879,41.57365,950
rbourdel1r@technorati.com,Rozina,Bourdel,13/4/1981,6956073504,18.0433215,59.4641209,920
lmaker1s@last.fm,Lyn,Maker,14/9/2000,6965968942,10.2,33.25,290
pwitson1t@seattletimes.com,Paloma,Witson,6/8/1989,6915169327,138.4136271,36.7319657,140
ecoxall1u@nifty.com,Erny,Coxall,30/4/1988,6910930128,28.0224528,43.3182911,170
rdreng1v@apache.org,Rudolf,Dreng,1/1/1983,6987457163,103.9185994,33.2600421,710
ejobke1w@omniture.com,Elenore,Jobke,18/11/1998,6950106197,24.5479535,42.057517,860
chuffey1x@narod.ru,Cyndy,Huffey,15/5/1985,6964829280,124.0496732,-10.1564032,820
jkubek1y@creativecommons.org,Jaye,Kubek,6/2/1999,6948932301,-7.9617993,40.4369802,460
rnorkett1z@admin.ch,Rand,Norkett,8/6/1993,6980611666,93.617125,31.760353,880
nriepl20@51.la,Ninon,Riepl,26/10/1995,6967263531,-8.6105703,40.7532484,160
fpawlyn21@photobucket.com,Forest,Pawlyn,24/6/1988,6919665214,120.4493879,41.57365,450
dwilsher22@t-online.de,Dorthea,Wilsher,7/4/1995,6956455888,-87.193563,30.475663,450
rgergely23@shinystat.com,Rollie,Gergely,18/3/1985,6942291406,4.9157564,44.8671415,350
maldritt24@163.com,Mei,Aldritt,1/10/1980,6989687007,-76.2482052,-10.6823922,410
bgentner25@php.net,Bridie,Gentner,17/10/2001,6921077128,18.6122466,52.6884746,410
nkeach26@mediafire.com,Nona,Keach,29/9/1980,6956525595,101.503572,54.3352057,730
qivakhno27@irs.gov,Querida,Ivakhno,8/3/1980,6949955169,41.789046,53.437194,160
esommerling28@ibm.com,Erina,Sommerling,26/3/1988,6965128751,46.6878846,57.9609962,90
bmccray29@latimes.com,Bord,McCray,3/10/1992,6944740814,44.891109,40.8016728,90
bkach2a@mlb.com,Brandice,Kach,17/9/1989,6950503346,118.4807442,36.689919,370
gbushen2b@answers.com,Gerhardine,Bushen,18/10/1984,6974102331,66.16656,36.86278,670
jpetracek2c@chicagotribune.com,Jeffrey,Petracek,5/11/1980,6994110940,8.2732659,12.0545608,800
zcovet2d@pinterest.com,Zsazsa,Covet,11/7/1983,6962808988,15.7230035,50.8177069,530
abatrick2e@npr.org,Antoni,Batrick,13/2/1989,6971749386,118.670339,31.9339724,440
hputtrell2f@irs.gov,Harriett,Puttrell,3/7/1981,6911422116,125.0428455,42.9177058,880
prewcastle2g@squarespace.com,Phyllida,Rewcastle,13/5/1986,6970547226,-8.6022276,41.3351832,100
rjakeway2h@illinois.edu,Rhodia,Jakeway,8/5/1988,6910200197,-43.7039903,-6.4937893,490
osoaper2i@cyberchimps.com,Olympia,Soaper,13/7/1986,6939433388,2.3881323,48.7525724,520
rfranciotti2j@dagondesign.com,Rowen,Franciotti,30/10/1999,6990959353,-74.2176156,45.2645197,940
dbrickwood2k@wikispaces.com,Dyanne,Brickwood,3/4/1996,6908599571,-94.7195096,39.3035567,670
jkeal2l@mozilla.org,Jessy,Keal,4/9/1986,6951130466,2.3237084,48.8610504,870
lgreber2m@last.fm,Launce,Greber,28/11/1996,6993613727,104.329829,15.1089475,760
acarvilla2n@smugmug.com,Aurlie,Carvilla,13/10/1991,6926054961,-151.0340359,-16.7111944,30
jbennike2o@merriam-webster.com,Jeniece,Bennike,20/1/1996,6964872824,109.9526633,-7.6695988,30
ssmogur2p@cnn.com,Stafford,Smogur,5/6/2003,6940845587,99.1013498,16.8047297,660
mhanscombe2q@free.fr,Marice,Hanscombe,24/2/1995,6997168268,120.1534039,30.3312397,980
lfinneran2r@dagondesign.com,Lefty,Finneran,19/12/1999,6998862068,143.20028,42.99167,900
lbever2s@time.com,Lorilee,Bever,9/12/1987,6915346627,6.0239884,50.0549693,380
hfoden2t@nationalgeographic.com,Heddi,Foden,14/1/1996,6959878421,111.7018452,-8.1264039,470
jgawkes2u@bloglovin.com,Jerrome,Gawkes,22/2/1990,6962164441,121.7081454,-8.3225345,830
siacomi2v@flickr.com,Saunderson,Iacomi,31/10/1987,6919173705,37.1619979,55.9840531,760
zocridigan2w@theglobeandmail.com,Zandra,O'Cridigan,2/6/1999,6957426237,29.9016349,62.416327,150
tpiggott2x@weather.com,Torrance,Piggott,3/5/1980,6967812186,44.7710122,42.1102695,330
adrains2y@google.nl,Arv,Drains,28/8/1983,6943060213,18.2180635,59.2290118,180
freddick2z@paginegialle.it,Flem,Reddick,5/5/1989,6953267076,117.624455,33.770447,420
emattiuzzi30@mysql.com,Erick,Mattiuzzi,24/4/1994,6940245847,111.791539,22.170437,840
shitchens31@elegantthemes.com,Shaylah,Hitchens,11/1/1991,6966410350,-77.14083,-0.69832,40
cbaptiste32@myspace.com,Cinnamon,Baptiste,23/8/1994,6918177719,-70.52285,-14.72796,990
bseathwright33@loc.gov,Beniamino,Seathwright,14/12/1995,6926111828,119.48421,31.416911,770
vpleuman34@netvibes.com,Venita,Pleuman,27/8/1986,6996202229,113.950153,26.079079,420
mcayet35@soup.io,Meggie,Cayet,14/7/1996,6946314799,32.5004914,51.524571,780
mgolley36@usgs.gov,Merralee,Golley,10/6/1992,6979119774,13.1702373,58.5023638,670
jdunford37@rambler.ru,Jobie,Dunford,10/11/1989,6996158361,37.4827996,55.7942138,790
grechert38@nyu.edu,Gaby,Rechert,16/4/1989,6928517415,-44.3290923,-2.5421083,260
jkittel39@cdc.gov,Jameson,Kittel,8/4/1999,6939774479,15.0557415,12.1348457,800
bspinello3a@discovery.com,Byran,Spinello,18/10/1988,6936918884,-89.8497574,14.2552463,620
tsibylla3b@parallels.com,Tanney,Sibylla,29/1/1991,6938343488,120.953061,5.990033,350
ymasson3c@google.nl,Yovonnda,Masson,12/11/1996,6949192115,120.434071,37.355469,490
tcouling3d@harvard.edu,Talyah,Couling,29/12/1986,6995901708,-93.3362962,40.7679191,570
resselin3e@blog.com,Rinaldo,Esselin,30/3/1985,6906972570,101.507294,29.000347,0
nionnisian3f@oakley.com,Nydia,Ionnisian,14/3/2004,6939158724,112.4261662,-6.9689802,790
kharland3g@spiegel.de,Katherine,Harland,23/2/1997,6997109389,29.8439109,-30.031249,800
dhuckle3h@mysql.com,Drucy,Huckle,6/5/1996,6963670010,6.1519039,48.6853182,690
mfrarey3i@statcounter.com,Mellisa,Frarey,28/5/1995,6987981393,59.8241142,58.6247472,520
cgrieswood3j@china.com.cn,Clywd,Grieswood,27/4/1981,6941085939,35.7516069,-6.162959,780
rdunkerly3k@blogger.com,Risa,Dunkerly,5/10/2002,6947855761,18.0399695,59.2643041,620
atitcomb3l@netvibes.com,Anni,Titcomb,24/5/1986,6903958704,109.781327,39.608266,800
handriss3m@walmart.com,Hymie,Andriss,25/8/1989,6975083954,110.6757556,-6.6605307,740
promaint3n@skyrock.com,Patrick,Romaint,26/12/1986,6954704016,116.799278,26.656649,50
ilandes3o@macromedia.com,Ilario,Landes,11/7/1986,6993713698,35.2590854,48.809598,730
rdavidowich3p@canalblog.com,Russ,Davidowich,6/2/1996,6907333352,121.143873,28.357764,10
scrossland3q@whitehouse.gov,Suzann,Crossland,17/2/2000,6911606937,108.3652973,-7.1841565,520
hmalek3r@about.com,Humfrid,Malek,2/3/1996,6934200050,-79.4294664,44.6077025,920
koswald3s@newyorker.com,Karalee,Oswald,29/6/1999,6989019955,31.4620967,30.6183919,80
hcordon3t@disqus.com,Hirsch,Cordon,5/6/1990,6941249288,6.574529,43.553302,300
vchazier3u@techcrunch.com,Victoria,Chazier,14/11/1982,6922250413,113.543873,22.198745,640
bbranwhite3v@businessinsider.com,Basil,Branwhite,11/7/1998,6904068909,102.405819,24.168957,350
ogenese3w@ed.gov,Osbourn,Genese,3/8/2001,6942311548,-115.9220734,49.6885534,950
mbachs3x@smh.com.au,Mikaela,Bachs,4/10/1983,6961131786,49.98361,40.42639,780
nhaughey3y@usgs.gov,Niccolo,Haughey,12/10/1985,6930290803,-99.0073673,19.4102526,410
kdelamaine3z@themeforest.net,Kaye,Delamaine,25/4/1992,6938581592,6.3066585,6.2582292,290
rnewman40@vimeo.com,Raynard,Newman,16/7/1986,6953367723,72.8578648,29.2083348,60
sfoote41@blog.com,Shep,Foote,5/5/1994,6993188863,-8.9342111,52.182304,960
lkruger42@dailymail.co.uk,Lindsey,Kruger,19/2/1981,6999162459,-77.3485436,39.3240601,600
alloyds43@parallels.com,Ambrosio,Lloyds,21/9/1988,6993656148,107.7632453,-7.0180991,500
tjimeno44@sogou.com,Thekla,Jimeno,20/7/1982,6910188983,10.7670564,59.9047305,110
dcoot45@apple.com,Dugald,Coot,27/5/1993,6917286361,80.682308,7.342773,330
vrimer46@deviantart.com,Vinnie,Rimer,2/2/1988,6960790887,124.0019,-9.6239,440
ccarlton47@wikispaces.com,Claudell,Carlton,15/6/2001,6937796215,43.94704,13.45529,150
dgillow48@discovery.com,Dalli,Gillow,6/9/1989,6902022065,60.146389,57.131667,930
dtrenouth49@rediff.com,Dyann,Trenouth,22/6/1984,6969073864,113.191098,39.554247,850
lleadbeater4a@businessinsider.com,Lenee,Leadbeater,10/2/1992,6948095051,16.7474972,52.5094874,340
bcowperthwaite4b@oracle.com,Brody,Cowperthwaite,14/2/2003,6977121416,37.1847804,48.282193,690
jamner4c@cloudflare.com,John,Amner,26/8/2001,6957638035,106.5730826,29.4976934,780
rsharkey4d@illinois.edu,Renard,Sharkey,28/4/1981,6901594945,-49.3733771,-28.6727702,450
ycaldicot4e@vkontakte.ru,Yvon,Caldicot,25/12/1995,6916093744,89.1114525,22.3154812,120
dverna4f@altervista.org,Doralynne,Verna,7/7/2000,6916650489,110.361715,30.513598,760
kstillmann4g@dot.gov,Korella,Stillmann,7/2/1996,6917216587,36.1328132,35.3772103,600
brenak4h@surveymonkey.com,Berny,Renak,24/1/1995,6978505362,112.986397,28.189633,50
sellson4i@pen.io,Shannon,Ellson,26/1/1997,6952503871,106.582844,-6.1944094,360
dplank4j@shutterfly.com,Dennie,Plank,26/10/1981,6966589032,38.0605006,-4.3822378,200
mdevey4k@forbes.com,Maxwell,Devey,9/5/1993,6961241314,111.466342,-6.7183784,830
bfarrans4l@indiegogo.com,Belicia,Farrans,5/3/1996,6945852578,112.232692,32.026097,880
rtissiman4m@trellian.com,Raymund,Tissiman,29/1/1993,6942145868,-80.593833,8.1176382,30
jtilt4n@economist.com,Jordain,Tilt,1/3/1990,6942337674,118.180193,39.630867,470
hfrazer4o@reddit.com,Horacio,Frazer,1/7/1986,6919109576,90.6387949,24.8500604,640
osedgman4p@furl.net,Oswald,Sedgman,23/1/1996,6940743430,53.715125,57.903389,270
vdunthorn4q@php.net,Vasily,Dunthorn,26/5/1989,6958953641,-5.5302337,31.5204633,900
rkoene4r@cnet.com,Reg,Koene,11/5/1999,6987803239,-46.8337604,-23.2074329,780
aedmeades4s@gnu.org,Alfred,Edmeades,5/1/1998,6984004215,100.1255164,0.1840524,620
jlockhart4t@php.net,Jess,Lockhart,26/4/2002,6976072640,-6.6207078,41.5656638,90
edrage4u@gnu.org,Elvina,Drage,4/9/1995,6991984494,120.5235118,27.5936542,50
pbyway4v@friendfeed.com,Philip,Byway,9/7/1994,6902229174,128.93083,35.9675,850
datyea4w@ifeng.com,Darnall,Atyea,10/9/2004,6903270330,24.8542939,60.2880682,100
jayris4x@mysql.com,Jeffie,Ayris,4/1/1991,6936378602,20.52487,51.62883,510
dstelli4y@go.com,Daryl,Stelli,28/11/1996,6914138882,22.4322889,50.045621,350
creuben4z@google.fr,Christophe,Reuben,2/3/1988,6995946741,35.8272389,55.5146696,920
mheadly50@dedecms.com,Marla,Headly,20/11/1997,6942158676,123.9595164,10.2947384,260
mwildgoose51@1688.com,Maddie,Wildgoose,31/1/2004,6996004449,116.0761121,5.9840985,650
bryburn52@elpais.com,Brynna,Ryburn,11/1/1991,6993029793,112.671469,-7.974394,790
bolligan53@yellowbook.com,Bar,Olligan,18/8/1981,6965653372,28.2513674,62.2956257,510
lclyne54@google.cn,Lia,Clyne,5/2/1990,6963078536,-8.6031905,40.6892276,180
lblofeld55@comcast.net,Leonerd,Blofeld,7/4/1999,6978074968,-51.3050851,-20.4363727,810
acoie56@123-reg.co.uk,Augustin,Coie,19/11/2003,6975979950,16.0910758,48.8489882,170
rbonett57@usgs.gov,Rainer,Bonett,23/12/2001,6923326821,21.3130974,53.8595684,550
tvalintine58@ca.gov,Tamma,Valintine,5/10/1994,6921376198,121.1293312,14.5643857,460
dsandaver59@examiner.com,Dion,Sandaver,4/9/2000,6996013059,101.579377,28.098056,430
egracey5a@reuters.com,Electra,Gracey,2/8/1995,6901199640,91.677053,32.265208,600
vbeavington5b@examiner.com,Vin,Beavington,29/6/1993,6994734172,107.0251946,-6.2056665,270
cvasnetsov5c@mapy.cz,Christine,Vasnetsov,26/8/1997,6930399294,43.28811,17.18126,840
mrattery5d@sfgate.com,Melina,Rattery,15/2/1993,6925979823,4.3766927,50.8235717,760
ystrewther5e@issuu.com,Yevette,Strewther,17/1/2002,6976133739,109.682148,22.454651,80
xshearstone5f@state.gov,Xavier,Shearstone,7/8/1992,6999123795,54.337379,59.3313673,30
dorteu5g@over-blog.com,Debbi,Orteu,12/11/2000,6907335752,101.2163774,12.9707642,950
kpleat5h@dyndns.org,Kimmie,Pleat,8/11/1996,6970170822,-0.4546217,46.3194856,130
cworling5i@ehow.com,Corrie,Worling,20/7/2004,6948923738,-8.7451818,39.7553682,390
cbetteney5j@jigsy.com,Celene,Betteney,10/10/1988,6966633683,104.5658605,46.6199614,240
vhummerston5k@csmonitor.com,Viva,Hummerston,11/4/1988,6923785531,-9.2843236,38.7508367,470
nbilofsky5l@mozilla.com,Nicoline,Bilofsky,27/3/1992,6911916645,111.8568586,37.2425649,240
sbraffington5m@si.edu,Samaria,Braffington,16/5/1983,6962802140,114.020922,22.63964,910
tfaye5n@elegantthemes.com,Tansy,Faye,25/4/1999,6962260192,119.47016,32.19828,770
bdomingues5o@reference.com,Beverlie,Domingues,20/2/1981,6913849007,140.6090975,37.8512533,320
iyegorovnin5p@gravatar.com,Ivan,Yegorovnin,26/7/2000,6997664850,107.4676861,-6.4510633,550
hbulger5q@google.ru,Hayden,Bulger,4/1/1988,6959015012,-73.0021534,10.7698637,880
aclaxson5r@sakura.ne.jp,Augustin,Claxson,18/7/2003,6963294368,106.5996595,-6.1989828,380
jroggerone5s@myspace.com,Jacynth,Roggerone,12/5/1997,6952507218,-6.5028415,53.3806398,800
flafflina5t@ed.gov,Fax,Lafflina,17/7/1986,6984236130,65.5676,35.54729,20
mdevonshire5u@fotki.com,Mariele,Devonshire,17/7/1999,6950446226,81.3070974,53.731482,370
dwoodyear5v@webnode.com,Doralyn,Woodyear,29/12/1997,6911364050,-97.0909561,18.8589196,940
jgytesham5w@scribd.com,Justinn,Gytesham,24/10/1996,6931109235,-58.5404623,-34.6761,740
mkobes5x@disqus.com,Milena,Kobes,12/4/1980,6950438886,105.9039005,-6.3710341,660
bskoate5y@marketwatch.com,Brandie,Skoate,8/12/1981,6901254110,111.170552,25.771635,400
rrobiou5z@chicagotribune.com,Rochelle,Robiou,3/9/1998,6950076136,-77.7312977,39.7164885,310
cchatres60@yellowbook.com,Cori,Chatres,3/2/1989,6950419658,108.2496145,-7.0370275,310
bmitcheson61@google.ca,Betsy,Mitcheson,2/1/1998,6926933301,22.1141264,37.0422371,380
tschultz62@cloudflare.com,Tildi,Schultz,16/4/1997,6990603942,23.7240855,49.9202398,20
dkidby63@yale.edu,Denys,Kidby,9/3/1983,6903019091,117.613808,24.117102,260
sedgell64@goo.ne.jp,Smitty,Edgell,5/3/1993,6903600878,-42.4858867,-14.0648657,560
tkeneforde65@over-blog.com,Tibold,Keneforde,5/7/1991,6941593312,150.4189148,8.5703071,560
hkliment66@businesswire.com,Hatty,Kliment,25/11/1988,6952354315,41.1051314,45.05426,30
phaughian67@ycombinator.com,Pegeen,Haughian,5/10/2003,6907639998,124.796217,7.20312,290
soliddy68@squidoo.com,Sandi,O' Liddy,24/5/1996,6915359766,-74.115187,4.5604389,420
skettleson69@goodreads.com,Sandi,Kettleson,2/12/1997,6945282111,36.4553727,33.3992452,610
iransfield6a@home.pl,Inez,Ransfield,2/1/1983,6980887589,113.4242071,34.7871544,800
kcousens6b@wix.com,Kerk,Cousens,29/1/1983,6920515512,120.6583327,16.0001974,740
mclempton6c@w3.org,Marquita,Clempton,26/9/1988,6970250009,10.1916192,59.1477457,300
sgirod6d@stumbleupon.com,Sybyl,Girod,20/11/1994,6916350490,115.9706447,40.457454,240
hcooke6e@ibm.com,Haroun,Cooke,21/3/1987,6911875256,21.37583,55.29639,300
cavraam6f@gizmodo.com,Cirstoforo,Avraam,29/4/1985,6954478650,37.8049211,55.7133263,830
eburth6g@yahoo.com,Emyle,Burth,2/5/1998,6923096657,-83.9977527,9.9010414,770
qiddiens6h@shop-pro.jp,Quintina,Iddiens,14/3/1989,6900893563,125.0036133,11.1802962,370
rkalaher6i@google.ru,Rice,Kalaher,20/4/1995,6978211890,121.6718,-8.845,810
smarwood6j@craigslist.org,Susana,Marwood,12/12/1988,6940720025,20.7734253,50.689856,410
umulcahy6k@mit.edu,Ursala,Mulcahy,23/5/1985,6902799777,101.7409946,3.2987908,400
ilittleton6l@google.es,Iseabal,Littleton,25/8/1988,6999335179,57.6240731,-20.210385,520
agilchrist6m@twitter.com,Ambrosi,Gilchrist,8/12/1994,6946679807,77.0216405,43.4259712,680
gseine6n@businessinsider.com,Giana,Seine,19/11/1985,6974634874,41.46056,51.84861,590
sbrotherwood6o@soundcloud.com,Selig,Brotherwood,7/10/2001,6948836485,44.600998,40.450839,160
rpaulusch6p@cargocollective.com,Rosalyn,Paulusch,3/5/1997,6945351905,113.327144,32.723975,620
mgatteridge6q@geocities.com,Mommy,Gatteridge,6/8/1984,6910944667,-80.2711588,7.7657031,40
fheild6r@phpbb.com,Felipe,Heild,2/9/1999,6978123385,-74.7088325,-8.7695621,760
gboshere6s@ucoz.com,Griffy,Boshere,18/8/1998,6987902159,107.1750393,-6.9110023,610
adannatt6t@hud.gov,Alec,Dannatt,2/3/1982,6925718776,108.487368,22.75839,720
kmanueau6u@time.com,Kassi,Manueau,9/3/1987,6902397454,116.31098,40.087301,950
gnormand6v@baidu.com,Glynda,Normand,29/4/1980,6954772465,48.329762,54.0282094,110
ovandenvelden6w@shutterfly.com,Oren,Van den Velden,28/2/2003,6939936573,116.12895,40.23921,270
dwinfred6x@symantec.com,Donnie,Winfred,18/1/1987,6968825353,116.97413,38.947512,0
psuddaby6y@mysql.com,Pernell,Suddaby,11/1/1992,6950752554,115.69778,41.66528,210
tricardet6z@cdbaby.com,Terri-jo,Ricardet,16/4/1999,6978909874,74.6291131,35.6868993,660
vsoughton70@narod.ru,Vladamir,Soughton,28/11/1987,6905873274,126.8308848,37.3218778,850
fgodsil71@vistaprint.com,Francesca,Godsil,3/6/1986,6909477020,112.9475835,-7.6746075,80
crenish72@google.com.hk,Christal,Renish,17/8/1982,6970034753,-79.2056361,43.1508732,260
ssatterfitt73@facebook.com,Sigfried,Satterfitt,21/6/2001,6966121526,18.4044199,49.9846987,510
ktunna74@smh.com.au,Kenton,Tunna,1/3/2000,6966732952,-94.4452233,18.1436128,460
dtrimmell75@oaic.gov.au,Darell,Trimmell,21/4/1994,6991996248,-81.05,-4.233333,0
crigg76@deliciousdays.com,Chevy,Rigg,13/12/1992,6964230492,-11.9783208,8.9517713,730
nniblett77@1688.com,Nikola,Niblett,7/11/1986,6988451657,3.4548833,11.8852599,30
khoolaghan78@amazon.co.jp,Krissie,Hoolaghan,5/12/1992,6999076143,39.9041695,48.0514345,320
wbeushaw79@live.com,Winfield,Beushaw,29/6/1993,6999243628,110.482084,29.046809,660
ldaniells7a@google.cn,Lutero,Daniells,5/12/1980,6929445174,111.6568972,40.8536972,160
tzecchetti7b@delicious.com,Tabb,Zecchetti,16/10/2001,6943782121,33.3486147,2.5214059,360
scompston7c@hatena.ne.jp,Stearn,Compston,9/10/1988,6911353867,110.309677,22.347589,580
eglandon7d@tiny.cc,Evey,Glandon,6/2/1999,6920725743,83.628303,46.524673,570
mfilisov7e@scientificamerican.com,Mil,Filisov,3/11/1996,6965728454,121.536152,31.34778,250
rtowriss7f@usda.gov,Ruperta,Towriss,28/3/1995,6912239674,112.891988,40.179599,600
kpiatti7g@fastcompany.com,Katherina,Piatti,4/11/1985,6975832151,23.2989944,42.3145494,880
agodlip7h@fastcompany.com,Austine,Godlip,20/1/1993,6908585976,115.0983069,-8.1485516,250
vfellgate7i@gmpg.org,Victoria,Fellgate,3/5/1982,6956152904,-8.8245607,39.7869548,930
rairdrie7j@ed.gov,Ricardo,Airdrie,28/9/1999,6948264979,-52.6912126,47.5860611,250
trabjohns7k@princeton.edu,Thekla,Rabjohns,12/6/2003,6987851968,24.28915,41.099,980
twashbrook7l@sciencedaily.com,Thomasa,Washbrook,9/11/1998,6940655956,-171.9596279,-13.8223647,200
mfishley7m@purevolume.com,Maurise,Fishley,24/7/1987,6928586677,-79.8900686,40.4888987,500
jcamilleri7n@printfriendly.com,Jessamine,Camilleri,2/10/1986,6953033379,16.9063491,-21.9718816,620
lpead7o@imgur.com,Leelah,Pead,12/5/1987,6901353997,119.105528,25.318672,760
fmallinar7p@histats.com,Florri,Mallinar,4/6/1995,6913260636,116.447949,39.907771,160
ggreed7q@washingtonpost.com,Goddard,Greed,28/10/1982,6980455558,126.154678,41.654661,650
afacey7r@abc.net.au,April,Facey,5/1/1988,6990376442,18.1508117,49.8575338,110
mstuddard7s@taobao.com,Meggy,Studdard,15/11/1994,6945214434,107.589359,26.491105,600
nhalpen7t@gizmodo.com,Nicko,Halpen,22/8/2000,6982250501,112.6973355,-8.4428564,550
jhawthorn7u@abc.net.au,Juliette,Hawthorn,15/7/1981,6965610424,18.7082571,50.4072694,870
hparkyn7v@va.gov,Heall,Parkyn,11/6/1984,6982908787,68.2667265,26.1372068,620
pouldcott7w@mysql.com,Peggi,Ouldcott,29/2/1980,6962344613,21.6226189,40.6902433,720
bstreetfield7x@xinhuanet.com,Barb,Streetfield,23/2/1994,6989708526,-113.81874,53.26683,550
ghamberston7y@sourceforge.net,Guillermo,Hamberston,18/8/1991,6904773248,46.3741404,43.531892,660
awethers7z@hugedomains.com,Ania,Wethers,19/5/2003,6908976978,-57.5554058,-38.0752295,630
ckornyakov80@usda.gov,Chevy,Kornyakov,30/3/1990,6910276918,124.4319309,-9.7934897,650
swhether81@usnews.com,Stormie,Whether,18/12/1986,6932255736,-53.9541563,-29.0282919,330
ofoukx82@boston.com,Ossie,Foukx,7/1/1996,6982981021,120.564983,28.438851,740
nklainman83@yellowpages.com,Neron,Klainman,4/7/1987,6951892706,112.90936,-7.15232,330
gblandford84@dailymotion.com,Gretta,Blandford,30/8/1991,6945901502,15.1668326,-4.5887697,990
lmerryfield85@zimbio.com,Levey,Merryfield,25/11/1994,6913520613,-93.1548091,17.8579334,80
mcosson86@mayoclinic.com,Myrah,Cosson,28/6/1987,6932369094,12.6736722,49.6748894,700
aduly87@epa.gov,Alexandro,Duly,24/8/1990,6972437751,123.4582948,41.7815196,690
prodson88@purevolume.com,Parry,Rodson,24/9/1989,6919790295,-87.6075294,14.6276215,290
amiddleton89@toplist.cz,Andrey,Middleton,9/5/1991,6925932036,121.0412391,14.5593606,480
bbartholomaus8a@simplemachines.org,Bil,Bartholomaus,9/8/1982,6960589628,109.429883,28.286067,90
bturbard8b@mozilla.com,Bradford,Turbard,27/9/1981,6919193309,112.225334,22.69569,610
emaceveley8c@princeton.edu,Etheline,MacEveley,21/11/2001,6913873197,-87.5847613,15.2784628,600
cnaismith8d@cbsnews.com,Cam,Naismith,11/7/1996,6923958337,122.0183229,6.6904032,270
mashmole8e@ucoz.ru,Madelena,Ashmole,6/6/1987,6983288314,142.1799102,43.3986916,880
mwapplington8f@blogger.com,Maritsa,Wapplington,13/5/2003,6961457304,120.8214265,24.560159,290
jlakenton8g@china.com.cn,Joellyn,Lakenton,18/12/1983,6929008482,22.7781773,49.7826756,510
jdown8h@cisco.com,Jozef,Down,29/6/1995,6916638355,26.8615857,-18.6236377,940
tjellett8i@t.co,Talyah,Jellett,1/8/1997,6913601839,-74.8745545,-10.9265815,640
rdevine8j@exblog.jp,Roxy,Devine,21/7/1981,6971649801,116.8212507,40.1598524,100
ghaigh8k@bloglines.com,Garwin,Haigh,3/10/2004,6907022779,38.328209,-9.922886,550
rbessey8l@alibaba.com,Reagen,Bessey,10/10/1987,6906820618,10.1367166,3.7953482,200
lsetter8m@printfriendly.com,Louisa,Setter,9/11/1985,6946142367,175.7871663,-37.4146424,760
rgisborne8n@theglobeandmail.com,Ronnica,Gisborne,14/10/1998,6932964985,-43.5522256,-22.7106685,710
kridge8o@bbc.co.uk,Kelsey,Ridge,28/6/2001,6989406767,9.6647636,37.0388867,390
relliot8p@ibm.com,Rex,Elliot,28/2/1990,6954908735,16.17123,60.145521,880
rhambric8q@ed.gov,Rancell,Hambric,30/8/1999,6976798467,27.73333,11.03333,160
muren8r@joomla.org,Mikel,Uren,21/2/1998,6974767493,105.3014109,21.3026143,520
cyurygyn8s@facebook.com,Chrisse,Yurygyn,3/8/1981,6978875790,34.7518631,0.2827307,800
tummfrey8t@dell.com,Tani,Ummfrey,24/6/2001,6945148698,114.019351,22.656408,540
calmeida8u@gmpg.org,Carlos,Almeida,16/7/1989,6902687401,24.7973983,-14.8119398,850
mmardle8v@slate.com,Mae,Mardle,17/2/1984,6913810479,-8.3644939,41.8157545,550
mreppaport8w@amazon.co.jp,Merl,Reppaport,10/6/2000,6910498126,112.2384017,30.7378118,230
chordle8x@cafepress.com,Clemmy,Hordle,23/4/1994,6969802445,15.1290974,44.9986892,410
bvasilchenko8y@netscape.com,Barty,Vasilchenko,20/10/1994,6975864037,134.702778,8.07,700
drosendorf8z@youtube.com,Diane,Rosendorf,20/3/1998,6988346916,112.4736874,-6.9770845,880
cmaddock90@abc.net.au,Charissa,Maddock,31/12/2003,6902597155,71.845274,41.0289533,880
mtschirschky91@edublogs.org,Merrili,Tschirschky,16/9/1998,6948981085,17.9509504,59.3245933,510
unicolson92@arizona.edu,Ulrika,Nicolson,11/7/1982,6941784353,31.1848307,30.4659929,750
rmuncie93@bing.com,Roberto,Muncie,11/9/1985,6960685966,123.90114,10.3166,730
cbrockherst94@gmpg.org,Cybil,Brockherst,13/6/2002,6976736795,83.23333,36.66667,130
jprobate95@nps.gov,Janot,Probate,21/9/2004,6915688596,8.6050736,6.6635241,120
lfeacham96@howstuffworks.com,Lyndel,Feacham,20/2/2003,6921767684,23.0789691,63.1109993,660
mfeatherby97@infoseek.co.jp,Mahmoud,Featherby,16/10/1989,6920848319,-52.3760103,-29.984393,20
slysaght98@oracle.com,Stevy,Lysaght,14/7/1995,6953327517,2.567685,48.69682,660
dscholtis99@rediff.com,Deerdre,Scholtis,21/9/1980,6968522334,102.31056,53.67028,900
lbruce9a@phoca.cz,Loise,Bruce,12/5/1986,6974847469,125.0326766,8.8910633,270
ngrigoryov9b@cyberchimps.com,Nikita,Grigoryov,26/5/1986,6938395333,-14.3864656,13.3041159,760
adillistone9c@ow.ly,Anica,Dillistone,19/3/1998,6900274742,0.04134,53.46464,810
cberntsson9d@icio.us,Currie,Berntsson,28/7/1996,6959009530,-37.0585205,-8.4176445,40
jdilliway9e@feedburner.com,Jewel,Dilliway,21/2/1997,6957052284,115.652151,22.919228,0
pkemshell9f@opera.com,Payton,Kemshell,26/8/1984,6958699721,20.8193403,48.1067292,960
vcage9g@w3.org,Vittorio,Cage,26/12/1985,6971094182,-41.1547688,-21.0209448,740
jmcmackin9h@usnews.com,Jens,McMackin,15/8/1991,6908026380,104.969882,28.845626,440
strelevan9i@businesswire.com,Shalna,Trelevan,19/9/2002,6931775156,20.8093376,49.8557953,790
npaggitt9j@google.ru,Nicky,Paggitt,21/9/2002,6971054722,105.6326457,10.1164943,320
blejeune9k@youtube.com,Barry,Lejeune,18/4/1984,6964865499,-70.4083333,-17.2425,130
mdjokovic9l@boston.com,Myrtia,Djokovic,29/1/1996,6991328596,124.5029869,-8.2206994,880
fkyneton9m@scribd.com,Fabian,Kyneton,13/6/1990,6985107514,-80.9206653,44.57629,770
etrowsdall9n@washingtonpost.com,Ermina,Trowsdall,15/4/1986,6925250841,111.305369,-6.9627021,880
bmooney9o@ft.com,Bernardo,Mooney,12/9/1990,6935405161,37.8548295,55.6842625,610
mbunton9p@domainmarket.com,Marjy,Bunton,29/11/1988,6921746771,30.5586043,25.4390388,450
jstreatfield9q@ucsd.edu,Joaquin,Streatfield,18/2/1991,6983325209,-46.39769,-23.749953,540
cpaylor9r@desdev.cn,Catriona,Paylor,30/1/1987,6936501429,105.4771084,18.2865589,840
didiens9s@rambler.ru,Debra,Idiens,6/5/1987,6949621175,120.413376,41.576749,600
akasper9t@ezinearticles.com,Ashlie,Kasper,19/7/1993,6918392941,-120.8204617,37.0594675,600
vrilston9u@comsenz.com,Vivi,Rilston,25/8/1991,6999820021,107.2104935,-6.837527,990
lritchley9v@nytimes.com,Lindsay,Ritchley,9/3/1988,6991921082,102.835223,23.219932,630
twillard9w@craigslist.org,Trip,Willard,13/3/1991,6957100298,121.0044883,14.5458392,180
ekleyn9x@addtoany.com,Emili,Kleyn,15/6/2004,6968005108,-84.1005807,9.7016493,80
flawrie9y@qq.com,Freda,Lawrie,23/1/1983,6978513272,13.7889869,45.6472323,630
ogullifant9z@addthis.com,Ogdon,Gullifant,20/10/1986,6924131312,50.1454455,40.4810579,260
jgiblina0@sciencedirect.com,Jamesy,Giblin,9/12/1989,6924068097,106.8370122,-6.6359299,420
rgulla1@mtv.com,Rey,Gull,6/11/1990,6937818502,120.5166906,14.6991252,670
cwalducka2@chronoengine.com,Cris,Walduck,1/7/1999,6961357852,125.1934512,6.8080933,790
aseegera3@scientificamerican.com,Ann,Seeger,16/9/2004,6943038446,-8.2707264,41.2930767,740
mlaingmaida4@wunderground.com,Maggi,Laingmaid,10/12/1987,6996484403,56.1396282,55.2160303,450
gnevilla5@mozilla.org,Gilberta,Nevill,9/6/1993,6975145275,-86.8107363,13.634726,90
pnicklessa6@biglobe.ne.jp,Pen,Nickless,28/7/1989,6963419914,45.2806177,31.3188393,160
nshortera7@mlb.com,Nata,Shorter,1/11/1998,6982023777,69.6452877,40.2675155,720
afrankoma8@youku.com,Annetta,Frankom,13/1/1998,6919928747,109.088297,34.534829,960
mmichellea9@harvard.edu,Meade,Michelle,26/12/2001,6986417775,107.04219,24.546876,300
lpiotraa@ucla.edu,Lindi,Piotr,15/10/1992,6907863123,-90.067925,29.9518573,160
cpeintonab@sitemeter.com,Christophe,Peinton,29/10/1994,6939178685,-86.6736997,14.6322366,600
gshierac@cnn.com,Gizela,Shier,19/6/1984,6920607481,-52.4160039,-28.2587812,370
fmawdittad@quantcast.com,Filippo,Mawditt,24/11/1996,6925754438,69.1809574,41.4636032,400
hsimonouae@mysql.com,Hilliary,Simonou,29/1/1990,6962692637,13.8865743,48.9088164,940
crumfordaf@topsy.com,Chev,Rumford,6/1/1988,6964298724,-6.1182429,14.7384717,640
vneasamag@sina.com.cn,Vinson,Neasam,13/6/2003,6911954781,113.121435,23.021478,490
cdayerah@naver.com,Corrina,Dayer,11/3/1982,6963123332,119.39402,32.388662,390
ddevilai@google.fr,Ddene,Devil,28/12/1993,6997834283,-76.3609305,45.4331407,700
gthravesaj@buzzfeed.com,Galen,Thraves,29/11/1992,6919323685,112.5125893,-7.3697672,920
prolphak@1688.com,Paloma,Rolph,17/1/1980,6953645180,130.2373477,31.9500532,180
dlevinal@wired.com,Datha,Levin,12/12/2002,6998147401,116.0313067,39.8783781,380
fperrottam@example.com,Feliza,Perrott,4/11/1992,6927380434,7.5961692,47.4978346,950
jlimpennyan@meetup.com,Janos,Limpenny,10/1/2004,6921092931,-61.495357,10.6485481,190
fkedslieao@ibm.com,Faustina,Kedslie,26/4/1988,6948881180,108.5522531,-6.9375866,150
zhassentap@ovh.net,Zola,Hassent,6/5/1985,6935636291,108.520914,31.364042,790
asouthwellaq@netvibes.com,Alva,Southwell,24/10/1992,6999964697,120.6271711,15.7290855,990
ierskinesandysar@dedecms.com,Idalia,Erskine Sandys,17/8/2000,6994772401,12.695366,59.0541421,60
nnunneryas@gravatar.com,Nona,Nunnery,6/8/1984,6963696327,21.2540462,52.3468215,760
ecullinanat@delicious.com,Eloisa,Cullinan,16/5/1982,6986797317,121.4518015,30.9329039,680
lwyettau@soundcloud.com,Levey,Wyett,14/4/1981,6921490481,58.9216772,53.4445864,160
dibellav@seattletimes.com,Davidde,Ibell,23/4/1983,6959045695,34.4946697,-5.706302,700
lapdellaw@nytimes.com,Lannie,Apdell,4/10/1994,6972215936,113.293359,22.80524,170
bchallengerax@fastcompany.com,Bethina,Challenger,24/5/1990,6964614458,108.7379191,36.9473226,40
csowdenay@constantcontact.com,Charity,Sowden,24/4/1992,6998685154,20.905252,41.8984166,470
slilleyaz@nhs.uk,Saundra,Lilley,17/1/2000,6903395889,-69.9163225,11.9498242,590
mbransdonb0@constantcontact.com,Mickie,Bransdon,1/1/1989,6957921071,-88.2461183,14.372734,410
mshipcottb1@barnesandnoble.com,Mireielle,Shipcott,29/12/1988,6968831942,106.3483779,-6.9028171,250
ebrettonerb2@goodreads.com,Erinn,Brettoner,11/6/1983,6953847546,35.3859026,50.3768235,600
rcaesarb3@people.com.cn,Renault,Caesar,15/2/2003,6972636513,38.28822,47.81227,730
ccalwayb4@dmoz.org,Constancia,Calway,16/11/1993,6901044558,16.9801346,-24.8380587,70
pstpaulb5@t.co,Pollyanna,St. Paul,14/8/1996,6999887923,-49.7106625,-24.2530306,90
kduberryb6@google.pl,Kathrine,Duberry,22/3/1988,6959230784,-39.297682,-7.22698,550
jnencib7@tmall.com,Jean,Nenci,30/5/1994,6970997252,-7.4841222,31.5319623,270
teyeb8@jimdo.com,Ted,Eye,2/7/1994,6925086694,114.9749001,27.1840722,90
csalamanb9@spotify.com,Consalve,Salaman,15/7/2004,6990368009,47.2957582,56.031038,770
wcapelleba@npr.org,Wilhelmine,Capelle,17/4/2000,6984976500,20.7999452,50.2527847,740
dgeorgesonbb@infoseek.co.jp,De witt,Georgeson,18/2/1986,6905144533,22.9989148,41.2612832,330
fcollybc@npr.org,Farly,Colly,29/9/2003,6939730330,109.2891005,0.0925393,0
vblackeybd@tripod.com,Vanya,Blackey,20/4/1982,6914511753,17.2842162,62.3946271,490
aastillbe@amazon.de,Arden,Astill,26/9/1994,6901231023,-68.9539593,11.0736954,980
ibleymanbf@marriott.com,Isahella,Bleyman,19/7/1993,6917516962,15.53798,51.56696,930
cgiacobbinijacobbg@furl.net,Colet,GiacobbiniJacob,26/12/1980,6973406858,-68.0179418,10.2683199,310
tpellewbh@reverbnation.com,Tresa,Pellew,28/5/1990,6954561048,106.215698,46.8464389,770
fhyderbi@networksolutions.com,Farris,Hyder,10/1/1984,6967123409,12.5504728,55.6649287,500
wbelliebj@imdb.com,Ware,Bellie,7/11/1988,6924381713,-75.2537397,39.9759847,390
sjowseybk@columbia.edu,Sib,Jowsey,19/2/1988,6952300954,15.4908263,50.2415017,670
hbrieretonbl@bbc.co.uk,Heinrick,Briereton,20/1/1986,6940916407,80.250811,50.4233463,60
sdanseybm@etsy.com,Sayre,Dansey,3/9/1995,6964006344,-73.818222,5.312024,220
jaspinellbn@tinyurl.com,Joete,Aspinell,19/2/1989,6942142040,99.1467618,55.6776356,300
nschuttbo@blog.com,Nelli,Schutt,24/3/1997,6927190603,-8.6671695,39.4591,140
uswiggerbp@examiner.com,Ula,Swigger,18/9/1989,6930144834,-0.3696612,43.2916776,360
rkeanbq@slate.com,Rodolphe,Kean,10/3/1980,6936869532,113.8331,-6.9465,830
bturbanbr@walmart.com,Brewer,Turban,17/7/1991,6987159073,106.230908,38.487193,290
zchazelasbs@europa.eu,Zuzana,Chazelas,27/5/1981,6992048721,2.8814002,49.2272998,370
aglewebt@globo.com,Ardene,Glewe,25/7/1988,6957577703,-109.13479,51.91682,750
preppbu@bravesites.com,Pearl,Repp,8/4/1986,6924023179,11.5361726,4.1581668,680
jtofftsbv@networkadvertising.org,Jimmie,Toffts,26/12/1981,6935671799,89.1366848,48.9359551,850
jfinlaisonbw@myspace.com,Jerry,Finlaison,25/8/1983,6997927543,-97.9701846,30.181965,350
aschwandnerbx@opera.com,Arline,Schwandner,12/2/1993,6930919238,-7.0530281,41.1731486,870
emonelleby@pcworld.com,Evangeline,Monelle,9/6/1981,6907779799,-73.5408926,45.3689432,320
sbofieldbz@pcworld.com,Sheilakathryn,Bofield,28/9/1983,6979225766,95.3237608,5.8926053,620
cberendsc0@creativecommons.org,Cointon,Berends,24/6/1999,6957799668,-111.8628205,40.7345053,200
dgepheartc1@fda.gov,Darcy,Gepheart,18/12/2004,6996917781,1.4739649,45.1433372,270
eriolfic2@xinhuanet.com,Estevan,Riolfi,7/2/2001,6921840983,40.8784823,46.0714056,990
dkornyakovc3@ucsd.edu,Drusy,Kornyakov,12/11/2004,6999600474,94.661966,40.142128,570
tloodyc4@gravatar.com,Taryn,Loody,1/6/2001,6951948513,22.0128609,50.867559,560
sshinnc5@fema.gov,Sylas,Shinn,20/2/1983,6941886549,-89.8655563,35.1341835,920
ddjurkovicc6@ycombinator.com,Dian,Djurkovic,13/11/1980,6951262610,126.2947741,41.378328,710
sthakec7@github.io,Sarita,Thake,22/3/1991,6979293145,43.2853868,-11.6110008,320
gadamc8@google.co.uk,Gisela,Adam,5/7/1986,6973639267,121.0507098,-8.6841275,600
wblainec9@g.co,Wang,Blaine,19/8/1994,6907950393,120.1242853,-2.8800399,540
galdhouseca@google.de,Grantham,Aldhouse,18/7/2004,6954719795,108.002075,-7.1486683,160
dconstancecb@trellian.com,Doug,Constance,18/12/1998,6933178365,13.5929744,50.5965585,180
klamberthcc@topsy.com,Kori,Lamberth,24/3/1992,6927345727,115.4555858,-8.6785828,200
tveartcd@imdb.com,Tynan,Veart,20/8/1991,6943219465,21.4188894,40.9933396,430
zorourkece@jiathis.com,Zelma,O'Rourke,21/8/1997,6901294605,-77.6105679,-11.1227218,500
ocochercf@gizmodo.com,Omar,Cocher,19/8/1997,6963814164,110.674706,30.199688,540
adivinacg@merriam-webster.com,Alyson,Divina,31/7/1981,6936139699,-64.1847851,-31.4505323,410
abizleych@gravatar.com,Aurora,Bizley,12/4/2002,6935397520,75.854942,30.912962,580
rmassowci@seattletimes.com,Ray,Massow,4/5/2002,6939404766,20.636949,49.902219,320
spilmercj@altervista.org,Skippy,Pilmer,8/1/1997,6998948836,44.43028,16.48566,530
zmottonck@tiny.cc,Zed,Motton,25/3/1991,6949920995,120.5852005,31.2988237,990
pseefuscl@wikimedia.org,Pamelina,Seefus,6/6/1984,6905348802,119.9690478,31.827364,990
tdennerleycm@ask.com,Tammara,Dennerley,4/4/2004,6997819889,120.4393126,36.386498,600
ewhatsizecn@bandcamp.com,Em,Whatsize,28/7/1999,6918532506,-64.55,-20.6,210
lfuzzeyco@360.cn,Liv,Fuzzey,9/10/2004,6992615115,-36.6741487,-10.3503897,810
mbengtsencp@csmonitor.com,Maxie,Bengtsen,8/2/2000,6908691491,107.66086,-7.419676,610
tcaselycq@tripod.com,Thurston,Casely,31/8/1997,6936723242,21.3418674,49.7582153,30
egordongilescr@pinterest.com,Ellene,Gordon-Giles,30/5/1980,6971810524,109.221465,23.750306,550
mgehrelscs@usgs.gov,Morley,Gehrels,30/4/1996,6965369071,125.4464411,46.409427,220
gratiect@drupal.org,Gasper,Ratie,14/12/1992,6945353879,29.5197329,64.128759,360
gshirlandcu@com.com,Ginnifer,Shirland,2/5/1994,6902002825,108.3578806,-7.0031309,110
alubecv@shutterfly.com,Alric,Lube,9/12/2000,6932768183,-53.05199,-26.0779448,850
ldellatorrecw@typepad.com,Laney,Dellatorre,31/10/2004,6922825320,-51.5169861,-29.1667089,950
jpeecx@marketwatch.com,Jessie,Pee,22/12/2004,6982488375,21.7053767,65.821212,500
rleydoncy@mlb.com,Richart,Leydon,29/10/1980,6974980213,58.4201892,23.5651914,220
aneiluscz@go.com,Austin,Neilus,5/8/1985,6966959115,114.837888,34.064463,750
sduckerind0@typepad.com,Sada,Duckerin,4/2/2000,6911156681,79.8908308,6.9280156,610
ckapelhoffd1@sohu.com,Clarance,Kapelhoff,12/4/1999,6919071616,36.3116274,54.8098373,80
sbeadled2@51.la,Sheilakathryn,Beadle,14/8/1994,6906486635,134.49807,45.8512879,490
lgluyusd3@sourceforge.net,Lilas,Gluyus,24/6/1980,6930542310,22.7869993,38.3541519,130
eeilerd4@home.pl,Evelin,Eiler,21/12/1996,6904529924,20.31619,42.58063,910
kzorend5@com.com,Keely,Zoren,4/4/2001,6918683617,110.6647198,-6.6187563,480
pevensdend6@pagesperso-orange.fr,Petronille,Evensden,8/8/1981,6954478970,-9.3264629,38.6871727,570
bnormanvilled7@edublogs.org,Beulah,Normanville,21/2/1990,6964658451,91.8611011,24.904539,610
tmacgrathd8@omniture.com,Tamma,MacGrath,14/6/1981,6960702324,111.464,-6.695,870
dgilleond9@economist.com,Darell,Gilleon,24/10/1998,6943420813,31.2251615,58.5356199,960
skullerda@wix.com,Salvador,Kuller,21/3/1986,6996332105,112.989854,28.112525,200
gglasdb@ftc.gov,Garreth,Glas,1/2/2002,6930852075,119.8473927,32.9086366,210
mchimentidc@instagram.com,Marigold,Chimenti,29/9/2000,6977880335,99.0626377,2.965147,690
rbattailledd@free.fr,Ryann,Battaille,31/5/2000,6916144288,106.8370122,-6.9014042,610
sgaigerde@microsoft.com,Saloma,Gaiger,11/10/1983,6957391302,113.0126011,22.9550072,270
cleveridgedf@princeton.edu,Cacilie,Leveridge,28/5/1998,6935497130,36.3608819,-8.781999,970
plodevickdg@google.es,Pernell,Lodevick,29/4/1997,6973190601,106.8274069,-6.2311496,480
nmullesdh@wufoo.com,Neils,Mulles,21/9/1998,6913768805,101.5326734,3.0100681,760
mheavydi@ning.com,Marve,Heavy,10/4/2002,6919289106,109.449831,34.931466,650
dkochsdj@domainmarket.com,Dunn,Kochs,19/8/2003,6991674793,-58.611532,-34.7319408,340
ahaestierdk@1und1.de,Annora,Haestier,2/5/2000,6967700847,19.0858151,47.4912362,570
jspatarodl@wix.com,Julio,Spataro,26/9/1985,6915807006,-8.5070436,54.2109904,80
awellerdm@webmd.com,Ashia,Weller,23/2/1983,6950054855,112.5728232,-6.9959695,810
hdefrainedn@ask.com,Howie,De Fraine,22/5/1992,6973919972,-74.0028364,18.1817674,110
csachnodo@google.de,Caldwell,Sachno,12/8/1993,6906869238,108.1695504,-7.1612441,730
cspottswooddp@netlog.com,Codie,Spottswood,27/11/2003,6929770132,-60.6752261,-32.968211,630
rdonedq@about.com,Redford,Done,21/3/1982,6916894705,-79.810063,8.8702881,200
acrocedr@weather.com,Aida,Croce,6/8/1982,6909786488,124.789568,6.382615,780
ctabordds@discuz.net,Crawford,Tabord,23/6/1984,6988500411,121.0202323,14.5701829,740
dgerratydt@buzzfeed.com,Dottie,Gerraty,15/9/1982,6925542320,-96.8,32.78,610
ewatsamdu@technorati.com,Elora,Watsam,2/9/1999,6972975446,-98.7623874,20.0910963,370
pcasebournedv@wix.com,Park,Casebourne,17/11/1981,6977205106,101.6259842,2.9329721,990
rbeadondw@businessweek.com,Rabbi,Beadon,30/3/1988,6952270947,21.9160195,40.2568893,470
wsotworthdx@narod.ru,Windham,Sotworth,23/7/1986,6927627983,87.5395855,42.5246357,610
falmeidady@t.co,Flynn,Almeida,1/1/1997,6978651203,113.804931,-8.2216521,890
ryantsurevdz@aol.com,Randell,Yantsurev,13/4/1986,6958413725,121.844618,29.899044,560
bbortolie0@purevolume.com,Barrett,Bortoli,3/4/2004,6919390349,-71.936914,45.3859182,170
rhauxbye1@admin.ch,Rriocard,Hauxby,20/10/1989,6932702933,114.298711,29.852891,30
vhellewelle2@quantcast.com,Vallie,Hellewell,20/4/2001,6972064588,17.4307172,21.8163242,630
pschwiesoe3@vk.com,Phil,Schwieso,27/8/1988,6959741645,104.585735,29.718419,780
acuthille4@nbcnews.com,Alikee,Cuthill,24/1/1997,6945364445,-53.26478,47.59989,40
mgreatlande5@apple.com,Monika,Greatland,10/3/1998,6950983989,61.3396043,55.1795454,230
pwarbeye6@hhs.gov,Phaedra,Warbey,4/3/1998,6971477542,-121.47,38.57,190
hmulrane7@smugmug.com,Herminia,Mulran,2/7/1989,6954505375,-76.5257007,-12.8010669,360
dbushelle8@shareasale.com,Dukey,Bushell,12/1/1995,6902191706,16.905384,48.7320309,190
wparadisee9@cdbaby.com,Warden,Paradise,23/7/2001,6952795633,137.8244182,34.7294592,640
osetchfieldea@fema.gov,Ophelie,Setchfield,29/7/1986,6978268264,-1.555363,54.3886617,200
gyarnelleb@istockphoto.com,Glenn,Yarnell,17/1/1996,6967314578,21.8324138,50.05998,580
pshooterec@odnoklassniki.ru,Priscilla,Shooter,1/12/1989,6952614530,36.3254282,34.9400977,840
fgerolded@ezinearticles.com,Felicle,Gerold,23/10/1987,6968739554,-75.958017,4.9497479,220
fimlachee@whitehouse.gov,Fedora,Imlach,3/3/1993,6952108131,79.9310946,6.9787414,340
bcohalanef@slashdot.org,Brynne,Cohalan,7/3/1990,6947665528,22.2939742,54.0481202,570
ifranscionieg@simplemachines.org,Ira,Franscioni,8/5/1989,6921801682,13.8311208,45.5246959,770
nfarryanneh@a8.net,Nappy,Farryann,9/2/1984,6971274460,106.572803,29.605367,700
ylovekinei@wikimedia.org,Yorgo,Lovekin,21/11/1988,6907903736,-48.3502883,-24.0021525,860
faldisej@microsoft.com,Fanny,Aldis,15/7/2002,6945143773,61.1001623,56.5959665,970
ddjordjevicek@indiegogo.com,Dimitry,Djordjevic,24/8/2003,6978111159,-99.0598732,19.782027,640
stowsieel@xinhuanet.com,Sosanna,Towsie,6/9/1991,6908444645,103.671179,1.5179989,530
jgillbeem@github.io,Jamaal,Gillbe,30/5/1985,6920689674,116.262661,30.718837,750
ecockleyen@feedburner.com,Edy,Cockley,9/1/1992,6996466249,115.1573613,-8.6354966,600
hpoppleeo@abc.net.au,Hadrian,Popple,15/12/1983,6988734907,-60.657848,-32.966145,230
adecentep@moonfruit.com,Amabelle,Decent,2/10/1989,6923295020,68.3711064,27.100102,880
lramptoneq@hao123.com,Latashia,Rampton,5/11/1992,6940952937,8.3073813,50.7218455,310
dmerrimaner@skyrock.com,Dannel,Merriman,9/8/1986,6930438244,-77.1657716,-11.806679,850
mjosephoffes@fastcompany.com,Modestia,Josephoff,26/9/2000,6918223482,116.4446,-8.621,480
mlutwycheet@wsj.com,Myrna,Lutwyche,6/9/1980,6936462278,110.66263,29.236985,950
sbrighameu@hugedomains.com,Sonja,Brigham,21/8/1980,6917129580,-88.1510962,15.0219707,540
glabusquiereev@usda.gov,Goldarina,Labusquiere,15/10/1981,6968011910,110.5394227,-7.6589782,850
metheridgeew@wordpress.com,Merle,Etheridge,14/6/1993,6912878315,51.4782228,34.0624686,340
rlaxonex@sina.com.cn,Rena,Laxon,1/3/1981,6908933150,33.3707377,58.4536208,960
hdidsburyey@mozilla.com,Homerus,Didsbury,18/12/1995,6906377992,29.9846651,60.053638,520
ekleinerez@salon.com,Elyn,Kleiner,11/6/1986,6928186312,12.2665864,58.2890327,540
hkinmondf0@stanford.edu,Heather,Kinmond,29/8/1986,6953897543,35.3859026,50.3768235,580
geyrlf1@phpbb.com,Garvey,Eyrl,28/5/1988,6968400974,-77.05,38.8,600
dbuckettf2@cnet.com,Davida,Buckett,23/4/1995,6997183120,102.6675575,12.9092962,10
cwreyf3@goodreads.com,Chauncey,Wrey,20/1/1990,6930177971,5.4757709,52.5077777,50
gtrewinf4@mapquest.com,Garvy,Trewin,15/7/1995,6964241796,67.4549228,24.1322243,990
mcroneenf5@privacy.gov.au,Marijn,Croneen,8/10/1989,6998189565,-8.9156201,39.7343087,570
ihyndleyf6@amazon.co.jp,Imogen,Hyndley,4/9/1993,6950735325,35.1072745,47.1844184,480
cabramzonf7@g.co,Casandra,Abramzon,17/11/1988,6978020729,12.9309989,57.7244811,810
abenianf8@addtoany.com,Antonie,Benian,5/1/1983,6905110201,-8.6725287,41.2007787,260
mlanchburyf9@wired.com,Mary,Lanchbury,15/11/2001,6908315039,7.8558357,4.842716,360
jyanovfa@cocolog-nifty.com,Janaya,Yanov,21/6/1988,6914486828,111.3262355,-6.797767,580
bgainforthfb@nhs.uk,Brigida,Gainforth,25/3/1983,6936067687,120.9679677,14.6274805,760
frobelowfc@scientificamerican.com,Fredric,Robelow,3/8/1991,6924012871,123.8961588,8.1113884,730
tjadczakfd@shinystat.com,Tadio,Jadczak,30/8/1991,6982936499,2.1143422,41.5281384,450
ehalbertfe@canalblog.com,Elisabet,Halbert,28/6/2003,6943800145,47.6625008,42.4476716,680
mryceff@jigsy.com,Marnie,Ryce,12/5/1997,6926760555,103.267142,23.714316,380
dmccookfg@psu.edu,Dorise,McCook,16/4/1985,6955084866,107.5357224,-6.6970726,670
cundyfh@acquirethisname.com,Cinderella,Undy,31/12/1986,6925887151,-77.4314703,-9.8015544,970
aturtonfi@furl.net,Annabal,Turton,26/5/2000,6960723384,112.0178286,-7.8480156,670
kgundafj@macromedia.com,Kaleb,Gunda,10/3/1980,6952113743,58.6199937,51.1211697,570
sbartolomeofk@microsoft.com,Stirling,Bartolomeo,25/6/1986,6987237847,20.1864915,51.1448845,580
aaneleyfl@nasa.gov,Aliza,Aneley,11/5/1989,6983791842,116.714967,39.964054,210
dlehrlefm@google.it,Del,Lehrle,7/9/1994,6935094709,25.1434666,49.660696,240
gtearnyfn@indiegogo.com,Gilemette,Tearny,13/5/1997,6985237209,100.2658516,16.8211238,220
nguntonfo@huffingtonpost.com,Nolie,Gunton,16/2/1985,6975460434,-84.0166951,9.9436507,210
dmussofp@cnet.com,Dacia,Musso,22/9/1996,6950492125,103.817356,25.60162,380
msilvesterfq@redcross.org,Marley,Silvester,17/5/2002,6937562828,76.499773,39.244385,160
bbatistefr@ted.com,Bernice,Batiste,26/7/1984,6901204997,116.6930225,24.3520171,940
mharborowfs@oracle.com,Maje,Harborow,24/4/1993,6983351850,106.8502879,-6.4185424,220
lprotheroft@telegraph.co.uk,Loise,Prothero,9/7/1989,6947402851,112.0744643,-8.2412718,650
kstadenfu@intel.com,Karin,Staden,14/2/1998,6938899872,117.062623,30.543283,880
gafonsofv@blogger.com,Grenville,Afonso,27/6/1993,6992538313,-77.0315913,-12.111062,40
weasmanfw@who.int,Web,Easman,26/8/1986,6946279107,35.0863723,45.0274234,460
kdahlgrenfx@whitehouse.gov,Kayle,Dahlgren,28/11/1981,6914421950,109.2196634,13.7829673,870
tscrivenfy@springer.com,Tadio,Scriven,1/11/1991,6905525998,26.6581,54.3785,410
abrymhamfz@nyu.edu,Alfonse,Brymham,14/2/1988,6908637712,107.5849499,-6.9174274,150
dibbotsong0@yelp.com,Danielle,Ibbotson,12/2/2000,6911084663,10.7673005,59.9050895,670
mdriffillg1@gravatar.com,Misha,Driffill,27/3/2004,6949885323,13.1468678,52.415113,630
otysong2@oaic.gov.au,Osmund,Tyson,7/4/1984,6992426644,101.4112049,6.848589,420
tbrysong3@ibm.com,Thorin,Bryson,15/11/1992,6954529824,11.8416522,58.0767446,470
ajeevesg4@desdev.cn,Adan,Jeeves,19/4/1998,6950655771,111.8777254,-7.5474657,890
lzoppog5@ihg.com,Laraine,Zoppo,7/9/2000,6920721434,48.1450932,50.4438122,70
fmauving6@thetimes.co.uk,Franky,Mauvin,28/2/1983,6910038130,19.6728793,49.829369,780
lmacmurrayg7@example.com,Lemar,MacMurray,1/9/1992,6964427164,-8.2001004,52.86326,190
laxupg8@bandcamp.com,Latia,Axup,6/8/1999,6911759082,17.7857168,46.3744902,460
jchamberlaineg9@yolasite.com,Jobina,Chamberlaine,25/7/1982,6952844262,-99.1186381,19.4127929,180
ypynega@army.mil,York,Pyne,8/10/1984,6962579479,-75.4102538,-13.3108167,600
bhamblyngb@nifty.com,Benoit,Hamblyn,14/5/1984,6981857194,38.856404,45.674028,270
bpetcheygc@cmu.edu,Bastian,Petchey,25/4/2000,6988782992,-51.1110523,-20.6436652,460
alucianogd@aboutads.info,Albertine,Luciano,18/6/1983,6969367194,101.3885001,13.7876294,10
jdockrillge@google.fr,Johannah,Dockrill,23/7/2000,6968339756,121.7377502,24.7021073,220
gmcgaherngf@vkontakte.ru,Ginger,McGahern,12/12/1994,6970664087,-46.900245,-16.361238,430
mdomnineygg@fc2.com,Missie,Domniney,12/9/1997,6985194720,46.4922002,34.8062744,570
gthurborngh@upenn.edu,Genia,Thurborn,25/7/1987,6976773867,36.1613289,35.1008082,910
mrevittgi@foxnews.com,Modesty,Revitt,4/8/1996,6970643804,-117.7431372,33.7098769,180
ddrewetgj@a8.net,Daphna,Drewet,1/4/1990,6914824473,38.95423,55.87784,0
adimockgk@census.gov,Archambault,Dimock,28/6/1986,6916744532,117.2205771,3.8024611,320
whinnerkgl@unblog.fr,Wade,Hinnerk,1/3/1988,6913152578,-82.4590282,8.7337105,580
njayegm@so-net.ne.jp,Ninetta,Jaye,4/5/1999,6953167383,-75.01667,20.36667,730
cheliargn@scribd.com,Casar,Heliar,24/11/1983,6931211919,99.8571416,12.3958358,940
fjoddensgo@stanford.edu,Fairfax,Joddens,14/4/2001,6985868505,-9.4356652,38.7121599,170
bmcelweegp@stanford.edu,Bidget,McElwee,27/4/2004,6939850117,35.2917432,-8.3026125,530
lpracygq@nifty.com,Lazar,Pracy,2/4/1982,6915153287,87.504934,43.981544,840
dhealygr@reuters.com,Der,Healy,19/1/1995,6936162550,-48.3644226,-21.6029893,700
tstrangewaysgs@jiathis.com,Tanhya,Strangeways,12/6/1991,6931396963,-39.4122984,-7.2299572,360
lwenbangt@illinois.edu,Liza,Wenban,12/1/1983,6920980471,80.3038321,41.1846097,860
pdesantisgu@wikipedia.org,Petrina,Desantis,2/2/1983,6962501584,27.1323579,-28.0964966,210
pronaldsongv@cnbc.com,Paloma,Ronaldson,17/4/1986,6955620274,21.2666794,37.8756819,190
kprevettgw@chron.com,Katusha,Prevett,18/6/2004,6930337689,73.434227,0.7573413,330
fmcbridegx@godaddy.com,Florentia,McBride,18/12/2003,6975692097,51.1846025,25.4106386,100
kmaclleesegy@infoseek.co.jp,Karie,MacLleese,23/1/2003,6990192626,123.0649,-8.4071,540
anellisgz@cargocollective.com,Annora,Nellis,25/9/1982,6968697510,101.507294,29.000347,970
lfuscoh0@slashdot.org,Lusa,Fusco,16/1/1980,6951172621,44.1672804,26.8570638,650
dartindaleh1@printfriendly.com,Dita,Artindale,14/2/1993,6975358175,-83.5629746,41.6775685,410
eposnerh2@sourceforge.net,Edouard,Posner,13/11/1985,6958840635,104.874073,29.272581,50
npontainh3@earthlink.net,Noreen,Pontain,8/8/2001,6985840943,15.4759099,46.019373,180
bwillesh4@theatlantic.com,Bibbie,Willes,17/7/2001,6957058004,27.0559924,50.1757487,530
broiznh5@washingtonpost.com,Bertha,Roizn,5/10/1996,6975656273,113.9358031,-8.1830575,380
bcordesh6@lulu.com,Benni,Cordes,8/1/1991,6946267709,18.4095578,47.1910839,430
ckingswoodh7@github.io,Cirilo,Kingswood,7/9/2002,6915880755,113.884019,22.555259,950
fmerielh8@nifty.com,Flori,Meriel,22/1/1983,6917723160,25.18352,62.2500936,700
lambroixh9@skype.com,Lew,Ambroix,6/10/1984,6985196426,85.646652,54.914389,380
vstraneoha@miitbeian.gov.cn,Vittoria,Straneo,12/7/1982,6931190157,-91.5105745,14.6116655,510
jrayntonhb@thetimes.co.uk,Janet,Raynton,20/8/1999,6984783641,-99.0598732,19.782027,730
agisbyhc@uol.com.br,Ami,Gisby,6/8/1995,6986171458,-9.2912251,39.3038853,280
sbartramhd@blog.com,Shelia,Bartram,4/7/1991,6981415473,-118.7,34.28,820
swickershamhe@scientificamerican.com,Shirley,Wickersham,20/10/1996,6918009314,41.3986916,36.7558101,10
vsyderhf@state.tx.us,Victoir,Syder,25/9/1992,6939795627,13.0131285,57.7325316,480
agoddinghg@microsoft.com,Arden,Godding,2/12/1991,6913875614,-13.19,8.60972,670
amadlehh@google.nl,Anders,Madle,12/11/1980,6906948935,19.6996428,40.941983,80
rpuryhi@webnode.com,Rozanne,Pury,13/12/1983,6953962128,-77.7130151,-9.1896778,680
ddyballhj@va.gov,Devi,Dyball,12/9/2000,6904420154,107.2666396,-7.2929068,650
csuttellhk@hubpages.com,Clare,Suttell,5/5/1999,6901865779,-4.7303397,33.3625159,700
akrogerhl@sourceforge.net,Aggie,Kroger,7/12/1997,6938452814,107.0303221,13.7060822,680
pstoterhm@facebook.com,Paulette,Stoter,24/1/1990,6902444833,19.2750867,50.6230724,540
dlottehn@squarespace.com,Daniel,Lotte,9/5/1981,6958154669,101.115673,35.811058,540
dkrugho@businesswire.com,Debbi,Krug,23/9/1995,6974465483,114.786182,26.458254,260
rcordayhp@zimbio.com,Rafaelia,Corday,16/3/1991,6999692231,139.1253637,37.7977942,140
pscoulerhq@bandcamp.com,Patty,Scouler,25/6/1994,6995017673,-87.9383822,15.3680416,720
bballinghallhr@dell.com,Bobbe,Ballinghall,10/4/1995,6933864261,15.2294387,50.9249111,60
cberthonhs@illinois.edu,Christel,Berthon,7/6/1998,6951004882,16.4023975,48.9848042,410
nbrockhouseht@lycos.com,Nydia,Brockhouse,25/1/1993,6954862771,5.9294606,43.1283145,900
cbellardhu@cisco.com,Curr,Bellard,28/9/1986,6961126682,10.7559072,59.9531666,990
pandriuzzihv@yahoo.co.jp,Pearline,Andriuzzi,6/1/1991,6960153267,13.7829495,45.6479728,10
hklosgeshw@dedecms.com,Harlan,Klosges,13/6/1986,6906273611,26.6725662,67.4020883,390
sfellhx@wordpress.com,Shawn,Fell,28/10/1997,6923477091,19.909723,42.095742,930
scleverlyhy@github.com,Staffard,Cleverly,3/5/1995,6952588558,-39.299866,-14.5154982,350
mhabbenhz@boston.com,Melany,Habben,30/3/1992,6943163530,56.5492424,55.4083313,810
ewillmettsi0@craigslist.org,Elita,Willmetts,22/2/1991,6935435955,-94.5321473,17.9944819,480
rromneyi1@time.com,Rowe,Romney,26/4/1989,6931546325,33.1506163,1.7642785,660
smurdyi2@time.com,Shauna,Murdy,2/7/1997,6913362326,102.674499,23.744617,940
dmaceyi3@merriam-webster.com,Dania,Macey,24/9/1985,6936559208,5.947966,45.8630194,20
rmatiashvilii4@dailymotion.com,Roanna,Matiashvili,27/7/2004,6924799974,117.227219,31.820591,590
htinkeri5@themeforest.net,Horatia,Tinker,8/12/1983,6983844682,6.0221735,46.5217941,60
gshergilli6@squidoo.com,Gray,Shergill,17/5/1983,6981853479,37.7783839,55.747854,230
cwatheyi7@g.co,Claudetta,Wathey,1/6/1989,6954638730,21.726063,49.9808189,570
jreichelti8@sourceforge.net,Janaye,Reichelt,9/1/1998,6904445199,12.5516206,55.6753006,670
ncuniffei9@quantcast.com,Nanice,Cuniffe,24/5/1989,6926472662,99.923859,8.3373304,910
rveversia@wikispaces.com,Rozalie,Vevers,9/6/1998,6920937350,13.4504935,59.6117063,510
creisenbergib@yellowpages.com,Christoforo,Reisenberg,7/3/1993,6944031299,116.359692,30.849762,960
afossettic@wiley.com,Audi,Fossett,24/2/2004,6955158322,100.6101543,13.6694549,210
asangwineid@forbes.com,Averill,Sangwine,24/4/1999,6958528234,37.5186129,55.706586,140
ddunkersleyie@abc.net.au,Dasi,Dunkersley,20/6/1989,6908324913,112.555087,27.756339,940
bvigneif@admin.ch,Bryce,Vigne,4/4/1985,6928392053,121.3118,-8.802,50
dglendiningig@51.la,Demetrius,Glendining,13/2/1993,6993262415,20.2325754,45.8987694,620
wtoplissih@home.pl,Wini,Topliss,3/1/1987,6978814741,15.6903444,51.8433045,470
freedyhoughii@g.co,Fielding,Reedyhough,9/12/1985,6926637496,120.991762,14.4967483,90
lbortolozziij@technorati.com,Lazarus,Bortolozzi,15/9/2000,6942785070,25.3430203,-24.988061,420
esecretanik@sohu.com,Edith,Secretan,18/3/2004,6930944841,26.6910443,54.9377761,110
rboottonil@dailymail.co.uk,Robbie,Bootton,6/1/1992,6947966000,112.453926,34.620202,80
ddohmsim@cmu.edu,Dorita,Dohms,9/12/1981,6975162431,-46.4970116,-23.1770273,720
csinnottin@discovery.com,Cass,Sinnott,9/5/1986,6999248263,88.5278663,56.1263981,40
dcasariliio@oaic.gov.au,Devlin,Casarili,24/8/1989,6931773290,-65.2705688,-26.8268706,670
mrodgierip@dedecms.com,Merci,Rodgier,26/8/1993,6901684182,113.3704466,-8.4779418,700
taronowitziq@nhs.uk,Tris,Aronowitz,22/8/1983,6913126205,116.328206,37.029718,620
hhovardir@google.ru,Hortensia,Hovard,21/3/1998,6909699322,8.5929499,53.5567847,930
mlongboneis@omniture.com,Maxy,Longbone,14/10/2004,6959418799,69.8824972,42.1811386,200
ldilaweyit@nsw.gov.au,Liesa,Dilawey,12/2/2003,6926002125,30.0105737,50.5803842,420
dennewiu@oaic.gov.au,Dione,Ennew,19/2/2003,6981815917,113.497098,39.612728,940
tjimesiv@craigslist.org,Tad,Jimes,23/11/1994,6979010163,-87.2655636,14.4463627,90
ccraufurdiw@theatlantic.com,Cairistiona,Craufurd,14/4/1985,6925884735,107.4006862,-6.2845079,80
scammellix@admin.ch,Seana,Cammell,15/9/1995,6953717323,101.7178316,3.1523104,60
agiamettiiy@wisc.edu,Agata,Giametti,30/9/2002,6914556519,16.566,8.6761,380
siveryiz@sakura.ne.jp,Sancho,Ivery,6/7/1985,6926758460,134.5849521,34.0108524,130
wborelandj0@parallels.com,Wynnie,Boreland,31/10/1993,6944156374,104.559168,32.562824,660
wmccullenj1@youtu.be,Wylma,McCullen,21/4/1991,6926653004,-0.3696612,43.2916776,770
tgreenierj2@yelp.com,Tisha,Greenier,7/4/1994,6935529268,23.7965135,37.9885749,60
doldredj3@instagram.com,Darnall,Oldred,23/8/1981,6998141032,-90.2043971,13.9803424,260
fcassamj4@newyorker.com,Franny,Cassam,27/11/1997,6913351471,113.433712,27.868393,70
hklimshukj5@forbes.com,Heinrick,Klimshuk,23/4/1996,6931782216,-75.9753516,40.3380072,310
mbrandlej6@about.me,Marje,Brandle,21/7/1983,6904974504,2.3394209,7.2188798,180
jmataninj7@dagondesign.com,Jerrilee,Matanin,8/8/1995,6927988916,95.2732977,46.2686934,740
ereynoldsj8@indiatimes.com,Eugine,Reynolds,16/5/1986,6916642402,27.0908004,53.1511461,980
mameyj9@ustream.tv,Margalit,Amey,4/9/1980,6916530634,22.8015531,37.5673173,70
cpaddisonja@indiatimes.com,Cathrin,Paddison,22/8/1994,6995122376,120.9330931,14.4432884,790
flanningjb@elpais.com,Farra,Lanning,1/12/1989,6903988309,26.3724138,39.0820946,620
bgrestyejc@spiegel.de,Bryan,Grestye,2/6/1999,6935340310,121.725015,41.554479,780
aacombjd@constantcontact.com,Abbey,Acomb,9/6/1985,6929285554,13.6861064,49.7144884,30
kboyettje@prlog.org,Kiersten,Boyett,29/3/1981,6975060356,43.8677691,40.5871242,180
blachaizejf@lulu.com,Bernardo,Lachaize,28/1/1984,6972974719,118.510616,32.955581,590
eburfootjg@cbslocal.com,Esther,Burfoot,22/1/2001,6975619862,-38.3271112,-12.8528438,420
griccettijh@pcworld.com,Giraldo,Riccetti,14/7/1980,6986541349,47.6489641,40.5067525,300
tchoppenji@bbc.co.uk,Tamma,Choppen,25/12/1984,6975921721,39.7430006,48.3000957,900
mcapstakejj@adobe.com,Mathias,Capstake,24/6/1998,6950752423,71.5558263,32.2865221,520
jsprucejk@weather.com,Jessey,Spruce,14/10/1983,6960070750,120.806198,-8.817396,320
vsizelandjl@goo.ne.jp,Viole,Sizeland,19/7/1980,6968141626,121.41794,31.237906,810
ciwanowiczjm@huffingtonpost.com,Cory,Iwanowicz,25/6/1982,6963111951,115.519278,38.234501,550
sjakubowskyjn@behance.net,Swen,Jakubowsky,5/7/1983,6974939967,3.2448508,45.5436558,630
ojakucewiczjo@webmd.com,Oralle,Jakucewicz,26/11/2004,6907280116,116.609564,35.412337,310
cguddejp@ted.com,Clarence,Gudde,27/10/1986,6977895681,112.8419,-6.9967,940
tamyjq@nytimes.com,Thaddus,Amy,7/8/2001,6992294250,-115.09649,67.82743,660
rrillettjr@yahoo.co.jp,Reilly,Rillett,4/11/2001,6985935776,112.500205,34.67985,840
nmckimmeyjs@feedburner.com,Norrie,McKimmey,2/11/1980,6926258752,28.3570946,57.3397034,90
mwansburyjt@google.pl,Morgun,Wansbury,7/11/2003,6938903287,120.369492,-8.5526865,10
ttivolierju@alibaba.com,Trey,Tivolier,23/10/2000,6975679942,15.418462,50.0344323,310
rvannahjv@bloglines.com,Rana,Vannah,29/6/1989,6929048279,113.034187,22.4583,70
scogglesjw@nytimes.com,Shepperd,Coggles,11/7/1984,6952902400,35.381268,32.965655,770
ddumbellowjx@mit.edu,Dodie,Dumbellow,30/7/1984,6922078924,15.8138245,53.5316199,980
bpienjy@nytimes.com,Bree,Pien,24/9/1984,6941984908,-73.1149469,-40.5761897,910
aperlejz@wikimedia.org,Averyl,Perle,16/6/1990,6925309661,-76.3440537,-6.8506475,740
lmcguffk0@wp.com,Latisha,McGuff,25/4/1981,6945692165,110.983333,35.604025,640
mmewisk1@behance.net,Merlina,Mewis,27/7/1984,6977156213,112.7975,-8.0321,940
stommasettik2@fastcompany.com,Stanleigh,Tommasetti,15/7/1986,6950203758,124.21667,8.16667,430
cdempseyk3@google.com.hk,Cointon,Dempsey,29/7/1982,6948675629,36.011984,49.8932741,540
rmcleank4@4shared.com,Roxana,McLean,2/10/1994,6959433847,8.4760154,13.4211757,510
smottramk5@soundcloud.com,Sophia,Mottram,8/6/1997,6972134998,114.559938,24.036405,650
zmackneisk6@springer.com,Zechariah,Mackneis,15/2/1998,6902512187,17.7494174,49.7744492,610
rgobeauxk7@wunderground.com,Rebbecca,Gobeaux,27/8/1997,6944590648,30.3723741,13.6986477,820
wmclenaghank8@who.int,Willie,McLenaghan,14/12/1986,6987948985,123.169189,46.666415,200
cdondonk9@mac.com,Charo,Dondon,9/12/1986,6948549761,113.316811,22.705124,470
lcrossgroveka@omniture.com,Louisa,Crossgrove,24/11/1980,6917988822,107.5993373,-6.8732784,200
csorkb@toplist.cz,Carmella,Sor,21/10/2000,6918085980,3.2885455,7.4368244,600
lvanyakinkc@microsoft.com,Liva,Vanyakin,19/5/1992,6902977076,4.6477615,52.1024489,330
ksargantkd@tiny.cc,Kaila,Sargant,29/7/1982,6995516055,4.8252311,45.7451347,30
vhubnerke@clickbank.net,Vergil,Hubner,11/6/2001,6928415292,115.1891675,52.6886817,190
ubelonekf@wufoo.com,Ulrica,Belone,8/2/1998,6907421064,108.79313,18.504589,480
fgeerekg@nature.com,Fergus,Geere,31/3/1983,6937145392,114.415801,23.112257,460
jheatleykh@sciencedaily.com,Josee,Heatley,1/5/1991,6977515227,16.99062,53.29667,110
fdwaneki@mashable.com,Farlie,Dwane,25/3/1981,6928286235,113.9631,-6.9988,690
rantoniewskikj@timesonline.co.uk,Reginald,Antoniewski,28/8/2004,6905960316,21.4472756,42.0592298,220
jrosinikk@goo.gl,Janis,Rosini,7/12/2001,6985621483,114.055261,22.719257,20
leathornekl@google.com.br,Lucienne,Eathorne,6/8/1998,6950517135,111.513127,32.540157,390
ebayntonkm@sciencedirect.com,Ebony,Baynton,30/10/2003,6954633584,46.8886722,50.0429768,960
ffairbrotherkn@a8.net,Florette,Fairbrother,24/5/2003,6936396746,-75.698571,8.797145,800
eharrisonko@webeden.co.uk,Eddie,Harrison,1/5/1982,6995868365,27.993441,8.303998,60
cwentworthkp@ning.com,Cori,Wentworth,21/7/1991,6924870856,117.323725,34.810487,80
pmalmarkq@blogs.com,Pascal,Malmar,8/1/1984,6965678575,59.4504627,58.7239855,420
ggillesonkr@tumblr.com,Gwenny,Gilleson,30/8/1994,6943418122,26.0266362,50.7241261,870
dhumerstoneks@furl.net,Daryl,Humerstone,13/9/1996,6956054054,-105.943638,35.683952,390
bshervillekt@imgur.com,Barb,Sherville,26/8/1997,6971097604,16.4023975,48.9848042,200
mserleku@techcrunch.com,Mandel,Serle,23/5/1995,6903649391,114.3163148,-8.4019855,380
cfarthingkv@aboutads.info,Cointon,Farthing,1/11/1994,6975543898,33.7992536,1.0452874,500
wpachmannkw@yelp.com,Waverly,Pachmann,6/6/2002,6960633994,108.5017948,-7.6849238,320
ocatfordkx@wikia.com,Odille,Catford,11/11/1992,6923005585,21.5714154,40.4925406,670
meisakky@linkedin.com,Markos,Eisak,21/7/1985,6940746699,4.8925949,52.3716937,220
ztommeokz@yahoo.co.jp,Zach,Tommeo,6/12/2003,6953750030,121.0492638,13.7825775,880
llanferl0@typepad.com,Lefty,Lanfer,29/3/1986,6909314192,22.0874496,40.7843506,600
sritmeyerl1@i2i.jp,Selma,Ritmeyer,30/12/1980,6995254006,-65.1202564,-18.8273274,480
amoxsonl2@msu.edu,Ashby,Moxson,2/6/1996,6949119084,101.04465,16.13422,420
cnutterl3@ow.ly,Carline,Nutter,30/4/1994,6919970170,97.408915,29.90568,950
pjennensl4@loc.gov,Portie,Jennens,29/7/1984,6965124613,117.5352694,38.7418853,390
mbrounfieldl5@usnews.com,Mile,Brounfield,18/9/1986,6959544983,115.804049,25.600871,10
rberfootl6@tumblr.com,Roderick,Berfoot,5/7/1985,6961721141,-41.7407394,-21.1330059,100
iboall7@go.com,Ivar,Boal,20/7/1995,6967573126,35.0023048,1.019089,500
wlangstrathl8@examiner.com,Wallie,Langstrath,8/6/1993,6979727129,-69.9818327,-15.2982834,630
fbenoistl9@google.de,Flo,Benoist,3/5/1991,6996344422,-52.2618826,-15.8916202,410
aseckerla@wp.com,Allx,Secker,16/10/1994,6964929684,106.8768415,-7.3391892,530
knasebylb@tumblr.com,Kiele,Naseby,6/6/1988,6977399420,30.9521026,48.0398428,50
ftallowlc@biglobe.ne.jp,Farrah,Tallow,28/12/1986,6962620183,110.693663,34.718968,140
gcorkellld@lulu.com,Grete,Corkell,28/6/1997,6908359220,22.281877,49.9581804,600
minggallle@vk.com,Maryellen,Inggall,23/2/1989,6952766903,107.9651,-7.6839,340
lduddanlf@usatoday.com,Loretta,Duddan,24/10/1984,6947238658,-147.7163888,64.8377778,850
mwestofflg@liveinternet.ru,Marlee,Westoff,30/10/1991,6909547275,34.4573326,48.3694747,510
rtolefreelh@blogspot.com,Rik,Tolefree,12/1/1991,6971907746,36.681728,-8.139894,680
kheightonli@vistaprint.com,Kermit,Heighton,29/6/1985,6951648239,118.036787,36.740856,220
kmarkushkinlj@spotify.com,Kerstin,Markushkin,23/3/1990,6927370212,119.950207,15.537073,390
whallinglk@bbb.org,Wiley,Halling,29/1/2003,6983927253,121.0191013,14.5910759,890
lgrettonll@mapy.cz,Loralie,Gretton,17/3/1989,6938825550,25.5652484,60.4197445,60
cclouterlm@live.com,Cyrus,Clouter,30/1/1987,6975485094,-8.6299298,41.4884285,140
tguyln@usnews.com,Terry,Guy,25/8/1996,6971342813,111.8002195,-8.0568365,320
fhanniganlo@intel.com,Farra,Hannigan,18/4/2002,6971106903,-85.7692277,15.2120303,10
ajenningslp@themeforest.net,Anabelle,Jennings,12/7/2003,6929011064,2.511999,43.7441795,830
rdudmeshlq@sphinn.com,Roma,Dudmesh,15/11/1995,6916054623,6.3226072,11.3661846,710
fdolr@drupal.org,Franklin,Do,20/1/1981,6939597478,-37.0530033,-10.5102117,600
sjaggersls@hp.com,Shir,Jaggers,14/7/1988,6977440870,125.79194,38.79861,260
khoylelt@bing.com,Karylin,Hoyle,29/1/1991,6932416602,7.0175879,5.489059,580
fgregonlu@t.co,Florella,Gregon,20/12/2004,6999402241,-65.2619615,-19.0195852,220
ndeusslv@behance.net,Nealson,Deuss,9/6/1996,6905243956,116.783833,35.553144,130
hvasnetsovlw@goo.ne.jp,Hatti,Vasnetsov,14/7/2004,6989361748,111.6526577,-6.8921158,430
clobelx@yellowpages.com,Charo,Lobe,10/7/1986,6972387995,60.657365,53.806717,920
ndomelowly@gnu.org,Nike,Domelow,2/7/2001,6969202054,-13.5032081,16.1535575,910
cjendrassiklz@flickr.com,Cletis,Jendrassik,1/4/1996,6990671372,82.7407627,55.3071219,720
lschuckm0@time.com,Lise,Schuck,1/3/1994,6963017529,15.3858774,50.9704636,240
mturnm1@behance.net,Miller,Turn,6/12/2002,6998288230,113.5103504,-7.1733576,340
sgiraudotm2@msn.com,Shannan,Giraudot,13/2/1992,6928224169,79.840886,7.231262,380
dkwietekm3@123-reg.co.uk,Dillon,Kwietek,21/12/1982,6991750691,110.63554,-7.61469,740
ddebullionm4@wiley.com,Dillon,de Bullion,2/5/1999,6980021617,107.982597,-6.313084,220
gmatyjam5@nymag.com,Griz,Matyja,18/4/1991,6916742195,-72.3207531,18.2336579,180
qhurranm6@about.me,Quent,Hurran,20/2/1993,6919322789,117.430061,23.701262,360
efancourtm7@auda.org.au,Emilia,Fancourt,3/3/1981,6936698876,-87.26432,14.913868,410
rrouselm8@cmu.edu,Romeo,Rousel,6/1/1996,6937669555,105.567066,34.366396,340
ishelperm9@reference.com,Immanuel,Shelper,7/7/1991,6925510715,-75.3587075,-11.1215276,110
smccombema@boston.com,Staford,McCombe,31/12/2001,6928558661,120.2628111,-2.7195658,520
zbaskeyfieldmb@chronoengine.com,Zola,Baskeyfield,28/12/1995,6957735078,116.2637946,39.882122,950
abenardeaumc@live.com,Arleen,Benardeau,16/4/2004,6923679445,-41.0394028,-16.4510937,260
gdivemd@skype.com,Genevieve,Dive,4/10/1981,6988534644,75.8098141,41.1694718,650
bheitzme@accuweather.com,Bink,Heitz,12/10/1996,6973324910,20.7477906,45.1099868,690
lfotherbymf@loc.gov,Livia,Fotherby,23/9/1994,6934184126,35.288375,32.032726,100
pklimasmg@cafepress.com,Petr,Klimas,23/12/1998,6983104823,101.765843,36.628305,990
mscaysbrookmh@infoseek.co.jp,Mabelle,Scaysbrook,14/1/1993,6953429057,102.242653,26.662155,500
vmeysmi@google.fr,Valry,Meys,7/1/1982,6910256114,-72.3207531,18.2336579,480
sdelbouxmj@businessinsider.com,Sean,d' Elboux,28/9/1999,6965007937,103.140748,24.789361,740
jgerranmk@constantcontact.com,Jeramey,Gerran,3/12/1990,6914353544,29.3753657,45.6429121,800
rdexterml@epa.gov,Rosina,Dexter,19/4/1997,6937318502,117.173524,36.978537,160
drylattmm@plala.or.jp,Davidson,Rylatt,20/7/2004,6912405063,120.7162377,15.8983567,990
wnerhenymn@utexas.edu,Wallas,Nerheny,27/12/1983,6994753308,-76.9527836,20.957938,570
ahamiltonmo@hubpages.com,Annadiane,Hamilton,26/3/2003,6902384355,-73.7525458,45.3204459,380
zlagomp@google.com.au,Zachary,Lago,24/8/1997,6910152640,116.3264439,39.9996674,400
fmapammq@marriott.com,Freeman,Mapam,5/8/1984,6945473742,-51.366412,-23.3105968,70
rtolmanmr@ameblo.jp,Rafaello,Tolman,12/4/2003,6966821783,-74.446092,40.496654,800
gedmeadsms@booking.com,Gerrie,Edmeads,27/5/1986,6928667688,13.6405292,45.4698284,0
jedemt@cnn.com,Jannelle,Ede,18/11/1986,6968824792,113.5579698,-7.1557925,570
pwartonmu@google.nl,Phillipe,Warton,15/12/1994,6985033330,20.6169567,52.1985472,100
tmanuaudmv@w3.org,Tiphany,Manuaud,6/7/1983,6911051313,21.2481067,52.7066595,90
flowthianmw@sitemeter.com,Finley,Lowthian,14/3/1993,6974905082,-71.4893705,-35.5364676,260
ahetterichmx@hexun.com,Alyosha,Hetterich,5/2/1981,6917319187,-52.5852334,-26.7416528,70
adelanymy@google.ru,Alys,Delany,2/2/1997,6933768985,-55.7872944,-20.4670046,800
rhollyermz@newyorker.com,Rhianon,Hollyer,2/7/1984,6947120350,24.8195808,48.3343908,250
mirvinn0@blog.com,Merilee,Irvin,2/9/1992,6936825406,27.7917874,47.2262024,340
pyettsn1@macromedia.com,Penelopa,Yetts,9/7/1988,6918964421,18.6122466,52.6884746,440
ntolern2@youtu.be,Nelson,Toler,21/3/1985,6933796269,115.797775,28.570101,490
dtarten3@printfriendly.com,Doti,Tarte,23/12/1991,6919983188,106.3483779,-6.9028171,40
fgathern4@auda.org.au,Fallon,Gather,2/8/1993,6930066948,-35.3126181,-7.5085719,920
pcotillardn5@tuttocitta.it,Paloma,Cotillard,21/11/1984,6938396314,99.9129845,13.3601931,950
ktommenn6@cyberchimps.com,Karoline,Tommen,4/1/1994,6976033341,-9.3069187,38.7157106,660
kburburoughn7@eepurl.com,Kim,Burburough,24/9/1985,6949623591,50.6845648,35.9613724,340
scobbyn8@gnu.org,Shirlee,Cobby,4/7/2002,6910179493,26.6831949,42.5387912,200
mmouginn9@nymag.com,Marney,Mougin,22/8/2001,6967504510,13.9774742,49.9120778,750
agurnettna@cafepress.com,Andras,Gurnett,13/5/1985,6995141657,90.4997867,23.6237888,700
mbruckernb@hubpages.com,Maxi,Brucker,4/5/2002,6924641910,124.823242,45.11803,250
sedgingtonnc@google.cn,Sophey,Edgington,13/3/1992,6934676344,-119.6934422,50.8137495,750
chovelnd@sogou.com,Charlot,Hovel,27/6/2001,6957786299,-78.0751774,18.4484094,430
mlilloene@mlb.com,Merilee,Lilloe,15/12/2001,6989849710,107.981045,36.905869,770
givorynf@sogou.com,Griffin,Ivory,20/6/2003,6956124001,121.0315758,14.7247931,270
gruseng@addthis.com,Gordy,Ruse,2/1/1983,6974555904,-80.0590804,26.6654996,310
emuzzininh@twitpic.com,Erl,Muzzini,19/11/1982,6902108572,101.9476452,2.7239834,100
pshoppeeni@newyorker.com,Petronia,Shoppee,11/5/2000,6921059042,-72.7141496,19.9276075,490
rtheurernj@census.gov,Rancell,Theurer,11/5/1989,6901785400,28.2888529,45.457057,560
sdissnk@berkeley.edu,Sari,Diss,4/1/1991,6944239125,115.965874,37.347409,150
mfossicknl@1688.com,Maje,Fossick,2/7/1993,6935997830,14.4868829,46.2531292,10
eallansonnm@zdnet.com,Elvin,Allanson,22/10/1998,6985758729,-10.6182477,6.446976,920
hmacconnelnn@storify.com,Holly,MacConnel,20/6/2001,6992838187,119.113185,33.551052,30
gcreiganno@buzzfeed.com,Goober,Creigan,11/5/1982,6960243810,-86.81,33.37,810
kfennersnp@miibeian.gov.cn,Kandace,Fenners,9/9/1989,6991316597,113.207187,22.928305,390
jmolesnq@netvibes.com,Jesse,Moles,19/1/1992,6905344356,12.5097274,41.8977003,660
kconnicknr@github.com,Kory,Connick,22/2/1990,6922393451,121.2234268,5.976337,310
rtouseyns@prlog.org,Roldan,Tousey,23/11/2004,6975421994,98.0983756,46.801046,780
alinnemannt@ibm.com,Aymer,Linneman,1/2/1995,6909628448,-87.603826,15.3179065,840
preaynu@sbwire.com,Phillipp,Reay,5/3/1993,6901129841,105.8573,-6.6825,320
hsilvermannv@moonfruit.com,Humbert,Silverman,27/7/1999,6979202498,112.7226611,-7.3977218,740
jedwardnw@devhub.com,Jamie,Edward,9/11/1982,6939912703,107.71625,15.113472,720
ldallynnx@earthlink.net,Lucita,Dallyn,4/3/1988,6991725864,41.1199008,45.0052663,550
slidgateny@sitemeter.com,Sully,Lidgate,25/8/1998,6911132424,83.7677148,27.9771813,910
bhastilownz@t.co,Berkeley,Hastilow,13/1/1995,6990573696,19.6159543,49.909141,950
ajohansseno0@squarespace.com,Aurilia,Johanssen,23/2/1990,6964904795,12.5899894,55.6832198,390
dsingho1@etsy.com,Deidre,Singh,17/8/1983,6994656933,-8.7683674,53.7942932,150
jcockarillo2@wikipedia.org,Jonis,Cockarill,21/8/1984,6920118005,39.0528407,3.5399846,10
mbrambillo3@stumbleupon.com,Marta,Brambill,7/6/1983,6909176784,-112.8285983,53.0222045,110
nranklino4@scientificamerican.com,Nicol,Ranklin,26/10/1991,6919571207,-58.5197163,-34.5926613,440
oaubrio5@godaddy.com,Oberon,Aubri,2/9/1999,6960323504,111.8270486,-8.1553145,500
ncrepelo6@reference.com,Netty,Crepel,1/7/1990,6967417877,120.047651,28.888555,80
cmendezo7@economist.com,Carolyne,Mendez,19/2/1993,6994476149,121.790282,37.175532,50
draymento8@livejournal.com,Dionne,Rayment,17/4/2000,6999640155,37.478747,55.813247,600
sgausono9@discovery.com,Sonya,Gauson,1/1/1993,6973283119,139.250061,36.2656673,360
fdudenieoa@deliciousdays.com,Ferne,Dudenie,29/6/2003,6999640122,119.7889248,29.1416432,840
toffillob@java.com,Tadd,Offill,27/7/1982,6999383380,53.701144,56.0116996,360
rjovicicoc@techcrunch.com,Raynard,Jovicic,20/12/1984,6987144406,106.804564,-6.588201,750
cbrookingod@archive.org,Cecilius,Brooking,27/3/1989,6969775146,125.1216524,1.4403744,430
vatchlyoe@imgur.com,Vanny,Atchly,29/10/1987,6919529213,113.5144,-6.9001,960
tgrinovof@indiegogo.com,Tori,Grinov,4/9/1984,6914663941,129.608929,61.845034,790
dvauneog@tumblr.com,Dean,Vaune,7/11/1991,6991214264,99.769283,27.58773,140
gsalkeldoh@biblegateway.com,Geoffry,Salkeld,9/11/1993,6979058660,112.746046,38.404242,120
rcinavasoi@cdc.gov,Richmond,Cinavas,20/8/1984,6901191195,116.6930225,24.3520171,310
ugerreltsoj@deviantart.com,Ursulina,Gerrelts,4/8/1999,6959077780,44.4970268,40.807399,860
cadamczykok@springer.com,Curcio,Adamczyk,22/6/1990,6998859239,120.4544261,17.8200009,700
spykermanol@nbcnews.com,Silvana,Pykerman,6/9/1986,6943678802,14.5569253,45.2110039,250
slintonom@geocities.com,Sonny,Linton,11/5/1994,6958467855,111.4544179,-6.8245964,600
sbalchenon@cornell.edu,Sig,Balchen,20/10/1993,6925732652,121.385604,28.372506,750
oseyoo@mozilla.com,Olympia,Sey,10/1/2001,6968244887,-73.7977928,40.864318,0
tmccleanop@nbcnews.com,Torin,McClean,25/5/1996,6972757444,113.732809,39.672791,390
sbedinhamoq@illinois.edu,Silvie,Bedinham,20/9/1980,6960781324,26.9970153,-16.8054223,180
wshanklinor@epa.gov,Wainwright,Shanklin,24/12/1996,6906839551,15.0050581,60.0715764,750
icullefordos@alexa.com,Idaline,Culleford,5/10/1987,6994571289,106.0776,-6.3019,250
kdessentot@360.cn,Konrad,Dessent,11/10/1995,6906099591,-9.3069187,38.7157106,440
cebbingou@mozilla.org,Colleen,Ebbing,23/9/1995,6966820742,55.928,56.0017,500
mphilsonov@noaa.gov,Massimiliano,Philson,2/1/1997,6972416924,103.534774,27.378875,930
eramiroow@taobao.com,Eugine,Ramiro,6/3/2001,6988588862,-8.5917806,41.4198927,520
shollylandox@twitter.com,Shir,Hollyland,3/10/1990,6988298870,21.2472912,45.7479837,40
rbeesoy@ucsd.edu,Roanne,Bees,4/11/1992,6970858472,-74.8591919,-14.25575,570
smauchlineoz@timesonline.co.uk,Starr,Mauchline,20/7/1986,6908469662,130.3745544,33.3074734,150
aolczakp0@census.gov,Aldin,Olczak,15/2/1994,6979905603,113.8614481,-7.0197713,700
skrammerp1@angelfire.com,Smitty,Krammer,11/2/1982,6929240862,113.253787,23.1456682,220
tbrassillp2@yolasite.com,Tull,Brassill,30/4/1991,6998174893,-71.6669341,-33.4557162,280
achaslep3@meetup.com,Abbott,Chasle,9/11/1996,6928475676,-80.5716199,22.2795961,850
jsarfatip4@smh.com.au,Jeri,Sarfati,8/1/2004,6980578196,38.0011402,55.9240189,530
mduesterp5@techcrunch.com,Madeleine,Duester,9/2/1984,6972371644,53.8101659,36.7284026,950
mnutbrownp6@sogou.com,Melania,Nutbrown,26/3/1988,6921675537,12.8970938,50.2671255,340
caitkenheadp7@skype.com,Courtenay,Aitkenhead,11/10/1985,6916724016,106.615284,-6.197006,670
jankrettp8@wordpress.com,Jerry,Ankrett,21/5/1997,6999782211,103.6487041,1.424768,570
mleadstonp9@mayoclinic.com,Mikol,Leadston,15/3/1983,6973448829,2.8797149,42.6962642,640
vkemetzpa@elpais.com,Valera,Kemetz,22/7/1994,6997053952,104.8104424,22.4177717,130
elurrimanpb@sbwire.com,Emanuel,Lurriman,16/6/1990,6932836068,40.2019954,61.6614104,240
mmothersolepc@gmpg.org,Mellicent,Mothersole,18/5/2001,6987172597,-9.3330417,38.7527042,990
bwillimotpd@nyu.edu,Brynn,Willimot,6/8/1988,6957940563,114.060419,22.5350405,70
mambergerpe@alibaba.com,Merle,Amberger,21/2/1991,6952274594,126.8526012,35.1595454,920
gackerleypf@ebay.co.uk,Gustie,Ackerley,28/5/2004,6908338373,-8.4748384,42.0269548,520
flinfordpg@artisteer.com,Farrand,Linford,12/3/1981,6978636591,46.0479668,50.7720302,130
npennellsph@xinhuanet.com,Noami,Pennells,5/9/1985,6971007111,102.6298251,14.9649534,510
lpaviepi@amazon.co.uk,Letti,Pavie,4/11/1986,6930350943,-8.6259188,39.2075584,130
eelsleypj@yellowbook.com,Ermentrude,Elsley,28/3/1998,6938224321,124.153749,7.5949353,90
kdallimorepk@marriott.com,Karoly,Dallimore,12/11/1993,6945275522,124.870243,12.532252,80
jscrivenerpl@comsenz.com,Josy,Scrivener,14/4/1997,6911706210,18.0232365,59.3362401,780
ntrussmanpm@simplemachines.org,Nelle,Trussman,18/2/1999,6974866908,12.0098218,57.6735995,360
cpatchettpn@nydailynews.com,Cyndi,Patchett,10/12/1985,6958726448,105.8862812,-6.3818749,680
dholdeypo@pen.io,Darrelle,Holdey,17/2/1997,6952799179,-69.0087365,10.1592286,380
prozecpp@upenn.edu,Pierrette,Rozec,1/9/1988,6958461485,14.4868829,46.2531292,740
kvistepq@desdev.cn,Kerrill,Viste,1/9/1996,6979986290,-47.1947232,-22.6475546,890
opetersonpr@imdb.com,Odey,Peterson,8/6/1995,6990826931,-82.6861446,8.5524587,350
zfairnps@amazon.co.jp,Zeke,Fairn,5/11/1995,6944014167,120.9666672,6,210
wburfordpt@japanpost.jp,Wynnie,Burford,9/12/1990,6973376255,36.5321926,55.6691322,990
mallawypu@360.cn,Morgan,Allawy,6/11/1991,6986687061,-49.4262684,-16.5030467,110
ebergenpv@hc360.com,Eirena,Bergen,13/3/1990,6975674073,38.0011402,55.9240189,700
bswatheridgepw@ow.ly,Barnie,Swatheridge,11/10/1992,6926988352,19.5273042,54.3202047,380
vtometpx@addthis.com,Vince,Tomet,10/11/1985,6993638257,98.8693609,3.6286693,140
hlerohanpy@sakura.ne.jp,Hank,Lerohan,7/9/1990,6926424953,-61.5471829,10.701232,880
kduquesnaypz@xing.com,Kali,Duquesnay,23/2/1982,6954423939,2.789137,49.395599,10
hkermannesq0@state.gov,Hally,Kermannes,9/7/1990,6909273537,17.592739,43.3831419,900
apuveq1@paypal.com,Ax,Puve,17/6/1991,6987858887,35.364922,32.456061,310
ccannellq2@gov.uk,Caressa,Cannell,18/6/1985,6968022193,113.74595,23.090823,20
noattesq3@geocities.com,Nedi,Oattes,5/9/1998,6923256640,112.7677319,-7.3474138,290
vcubbinq4@ihg.com,Virgie,Cubbin,4/9/1997,6958699078,-55.7980283,-29.7844393,470
nschniederq5@imageshack.us,Nataniel,Schnieder,25/2/1996,6961637783,18.4823439,54.5997042,510
dtezureq6@tripod.com,Dulciana,Tezure,21/2/1986,6908572541,37.4596409,-0.5388381,430
apeiroq7@friendfeed.com,Adrea,Peiro,24/7/1985,6912116383,5.4044268,43.5963366,200
gcaulwellq8@wufoo.com,Georgie,Caulwell,19/10/1995,6906004339,3.3590446,7.1453088,100
jdiblingq9@dedecms.com,Jaquelyn,Dibling,19/6/1992,6922049564,23.7958162,38.3212968,720
fmaestroqa@whitehouse.gov,Felice,Maestro,28/10/1994,6988159036,30.2046941,-31.0510939,830
dgirardoniqb@feedburner.com,Dusty,Girardoni,3/12/1982,6981799664,55.5243352,-20.9304923,830
tmacilraithqc@ted.com,Trista,MacIlraith,13/4/1988,6999064063,6.16417,49.25362,540
rworgenqd@youtube.com,Ronna,Worgen,9/1/1999,6905395180,103.187824,26.082873,140
ngodingqe@senate.gov,Noak,Goding,18/1/1989,6958872170,-119.7078532,39.603484,490
dpawlettqf@wikispaces.com,Daffie,Pawlett,30/4/2003,6991632139,9.6693512,59.1280914,370
cfrippsqg@fastcompany.com,Chick,Fripps,10/12/1981,6940918715,-70.8233213,19.7553444,150
zjoyqh@google.nl,Zeb,Joy,10/11/1981,6913871544,28.3345399,-31.06523,540
bcockerqi@uiuc.edu,Blayne,Cocker,29/8/1987,6902777523,111.6556388,-7.5450262,190
ewooffindenqj@sfgate.com,Enid,Wooffinden,25/4/1991,6986187075,41.2962218,54.9999653,60
rsoaneqk@exblog.jp,Richard,Soane,29/10/1983,6922937539,6.121072,45.9018536,150
cskillql@seattletimes.com,Cristy,Skill,12/10/1998,6974437517,9.1843676,36.7333193,970
nclinnickqm@istockphoto.com,Nealon,Clinnick,17/3/1990,6995385954,-73.9319061,45.4235609,810
cpalleqn@dailymail.co.uk,Catherine,Palle,23/8/1991,6985242362,18.0807273,59.3092322,220
mbarajazqo@china.com.cn,Maryellen,Barajaz,17/12/1989,6933240372,20.1323725,49.4705944,850
oeilersqp@cbc.ca,Otto,Eilers,2/11/1992,6902950715,14.8062347,46.2961712,440
thattoeqq@unesco.org,Taite,Hattoe,13/7/1999,6973030933,13.5695991,58.3906739,360
cdiganceqr@creativecommons.org,Carleen,Digance,30/1/2002,6940783034,118.8276355,-8.4709546,680
rlevittqs@mozilla.org,Randi,Levitt,12/10/1994,6909933809,-81.138279,35.9015016,640
hlassetterqt@wufoo.com,Hyacintha,Lassetter,27/9/1998,6998614070,21.32667,55.55361,580
rbotlerqu@newsvine.com,Rodney,Botler,8/12/1999,6950743028,33.4215334,35.1000306,670
lbricknerqv@chronoengine.com,Lana,Brickner,31/12/1999,6924859850,-57.1407852,-26.6707181,590
rtregidgoqw@dailymail.co.uk,Rodger,Tregidgo,31/3/1981,6973008511,46.3893765,43.2150141,80
gbrittlebankqx@com.com,Guillema,Brittlebank,22/4/1982,6977253982,108.6086561,-7.6594377,460
dguiraudqy@comcast.net,Dale,Guiraud,26/9/1980,6977551303,108.5492848,-7.3878712,900
sdungeeqz@symantec.com,Stefa,Dungee,24/10/2000,6932849558,121.5250628,17.4458367,590
efashamr0@ucsd.edu,Ethel,Fasham,3/8/1995,6982025631,24.4422029,53.1516417,180
csheekeyr1@stumbleupon.com,Colman,Sheekey,24/4/1996,6914803930,102.8514837,14.4437531,640
cfoucherr2@mediafire.com,Chilton,Foucher,19/2/2002,6936950271,30.2046941,-31.0510939,570
tbernaciakr3@amazon.com,Taite,Bernaciak,11/12/1991,6935845444,-62.278743,-38.7239099,770
lcollumbiner4@google.com.au,Lanni,Collumbine,20/4/1991,6905661788,109.482078,28.572029,970
bswiggr5@umn.edu,Beatriz,Swigg,18/7/1990,6914721657,119.443303,32.399108,280
rmcewanr6@omniture.com,Ruddy,McEwan,28/12/1987,6938227499,126.918087,41.811979,790
cyvenr7@foxnews.com,Cass,Yven,20/2/1999,6913810396,47.3773853,42.3728288,100
nthorogoodr8@answers.com,Nehemiah,Thorogood,29/3/1998,6971474853,114.362112,25.401313,350
ldicarlir9@adobe.com,Leeann,Di Carli,13/8/1988,6954548852,-77.2864879,3.2572094,910
pnossentra@1688.com,Phip,Nossent,23/12/1999,6916349838,124.8109085,53.6934353,370
adaffornerb@topsy.com,Alysa,Dafforne,9/3/1990,6986193200,114.7380385,-3.7901775,950
jfenlonrc@jigsy.com,Jewelle,Fenlon,24/12/1983,6923012829,114.891614,30.400572,330
smussaredrd@gizmodo.com,Sven,Mussared,8/12/2001,6972164667,23.678736,41.1009418,830
akoptare@sogou.com,Arthur,Kopta,28/1/1988,6956757746,158.4280558,52.9029991,750
crabjohnsrf@symantec.com,Chrisse,Rabjohns,26/3/2001,6903699733,-77.6929792,-9.2623446,810
mbrokrg@pbs.org,Mirilla,Brok,13/5/1983,6948529118,-80.5569566,8.3048218,240
eovernellrh@t-online.de,Emogene,Overnell,6/4/1984,6982364246,58.0384692,36.4056598,60
lcomleyri@narod.ru,Lorne,Comley,5/10/1986,6996219276,-53.088539,-23.4739979,60
atuffellrj@shop-pro.jp,Amos,Tuffell,27/4/1989,6914892926,18.09998,53.84455,850
eshieldsrk@homestead.com,Emera,Shields,14/10/1998,6906686134,121.159547,30.049992,480
jelcombrl@woothemes.com,Jared,Elcomb,14/11/2000,6994447541,-62.767337,17.295373,730
rcarhartrm@hp.com,Roshelle,Carhart,1/3/1982,6995431481,5.0488236,47.3080493,820
afarryannrn@pbs.org,Alvie,Farryann,16/12/1992,6998722954,-48.4560109,-14.4681236,30
sconenro@altervista.org,Susana,Conen,21/2/2004,6927749374,72.40078,57.512722,300
rblodgettsrp@marriott.com,Raynell,Blodgetts,25/9/2003,6940224029,15.8838159,49.3932119,550
cmcpharlainrq@technorati.com,Cazzie,McPharlain,20/7/1999,6968641976,114.498761,37.444498,460
uwallerbridgerr@nydailynews.com,Ulrikaumeko,Waller-Bridge,3/6/1985,6982694921,-65.0306302,-42.7700601,220
