Email,Fname,Lname,Phone_Number,Longitude,Latitude
ebagshawe0@alexa.com,Edik,Bagshawe,6913469342,37.321035,21.288881
gcomello1@example.com,Gerick,Comello,6977067696,36.53183,21.199749
kpoltone2@salon.com,Karlik,Poltone,6989277441,36.174618,21.657265
cbreakey3@dedecms.com,Corrina,Breakey,6966425405,37.561291,21.262233
jrustidge4@salon.com,Jen,Rustidge,6941173893,39.723157,22.300791
rjurczak5@biblegateway.com,Richard,Jurczak,6960182607,39.834466,21.671335
lbuttress6@infoseek.co.jp,Lorrie,Buttress,6944639397,36.927253,22.344478
ecumberland7@state.gov,Eamon,Cumberland,6938134880,37.034434,21.500434
akaspar8@woothemes.com,Abraham,Kaspar,6916056040,36.466002,22.476379
ysimak9@msn.com,Yvonne,Simak,6906527859,39.380792,22.782169
ecroptona@blogger.com,Elwood,Cropton,6984215358,38.913859,21.980002
cgetchb@people.com.cn,Cherrita,Getch,6910795262,39.578917,21.243793
rashfoldc@marriott.com,Randy,Ashfold,6950255736,36.120502,22.212414
khousiauxd@amazon.de,Kristos,Housiaux,6941692573,37.841044,22.549945
lgorriessene@cisco.com,Leila,Gorriessen,6906933736,36.42468,21.011833
scroadf@weebly.com,Sher,Croad,6974019663,36.283834,22.785732
avinag@shinystat.com,Aldwin,Vina,6920893058,39.07501,21.115482
vvorleyh@constantcontact.com,Victoria,Vorley,6941693350,38.657,22.448587
pmaclareni@slate.com,Priscilla,MacLaren,6961851551,39.500774,21.289212
kfurzerj@ustream.tv,Kippie,Furzer,6931266228,39.703599,21.9487
jmeldonk@soup.io,Jarid,Meldon,6952692895,39.634343,21.405996
vclemoesl@mozilla.org,Viva,Clemoes,6922418178,37.494379,22.901829
edivillm@netlog.com,Ethelred,Divill,6940143502,39.587286,21.69886
kcarenn@geocities.com,Kerry,Caren,6911537126,39.009431,21.451245
dwaneo@github.com,Denice,Wane,6947661134,39.893591,22.040498
mhyndp@theatlantic.com,Micah,Hynd,6980947602,36.495537,22.080009
ghackneyq@google.es,Gweneth,Hackney,6946387627,36.514889,21.50172
ogeelanr@cbslocal.com,Odille,Geelan,6998525240,37.114599,21.986841
aduckwiths@accuweather.com,Amata,Duckwith,6982193674,39.251807,21.681607
soagt@odnoklassniki.ru,Stephen,Oag,6980404902,38.680648,22.944135
ldefontu@thetimes.co.uk,Lorena,Defont,6934313822,37.25602,21.131111
vgrimbaldestonv@reddit.com,Vittoria,Grimbaldeston,6971230196,37.709726,21.016033
ymartew@globo.com,Yolanda,Marte,6915809911,38.865758,21.488586
ghullandx@dailymail.co.uk,Gil,Hulland,6905375056,37.710106,22.639524
smaiory@house.gov,Stanton,Maior,6998979841,39.449276,22.681064
hemmanuelez@cdc.gov,Hoyt,Emmanuele,6967156751,37.021122,22.99737
jjollie10@shinystat.com,Johny,Jollie,6947405643,38.272762,21.443049
cminot11@4shared.com,Christine,Minot,6914047509,38.555092,22.737478
mepilet12@etsy.com,Miriam,Epilet,6913300549,37.342165,22.622462
dheale13@php.net,Danna,Heale,6960018541,39.231028,21.12695
lthurling14@chicagotribune.com,Lorant,Thurling,6917320201,38.102089,22.012283
ehadwick15@bbb.org,Ezechiel,Hadwick,6945917330,37.494776,22.89277
areagan16@gravatar.com,Allard,Reagan,6988826433,36.670714,21.328012
hmerigon17@home.pl,Hortense,Merigon,6913130580,38.406647,22.210538
gspare18@seattletimes.com,Giovanni,Spare,6960335662,37.64009,21.482718
abolzmann19@people.com.cn,Antonetta,Bolzmann,6982558161,37.825907,22.501631
kagius1a@cisco.com,Kassey,Agius,6986928671,36.176625,21.115907
vlemar1b@dot.gov,Vittoria,Lemar,6921712859,38.2494,22.058978
fsharpin1c@dropbox.com,Ferrell,Sharpin,6983912961,38.476034,21.074196
bbeaufoy1d@gravatar.com,Belvia,Beaufoy,6950642519,37.58256,22.034281
dmckmurrie1e@yolasite.com,Dalenna,McKmurrie,6971736295,37.887711,21.459682
adelaharpe1f@mapquest.com,Antonio,De la Harpe,6911885074,38.050036,21.787953
ablacksell1g@blogspot.com,Amalita,Blacksell,6906729281,37.8654,21.343647
rfawlo1h@zdnet.com,Regan,Fawlo,6926066215,39.875996,22.911094
tmouan1i@wisc.edu,Thorin,Mouan,6981770757,36.402271,21.026358
nislip1j@sogou.com,Nissa,Islip,6948581772,36.129312,21.095513
bseadon1k@google.nl,Bibi,Seadon,6993630353,36.086033,21.336455
charbor1l@kickstarter.com,Courtney,Harbor,6972711811,36.38593,21.799176
egyles1m@odnoklassniki.ru,Eddi,Gyles,6940220900,38.546651,22.897924
dcourson1n@answers.com,Damita,Courson,6942637285,38.824841,22.986214
selsy1o@ucla.edu,Saree,Elsy,6982697884,36.559314,22.058763
aandreutti1p@mayoclinic.com,Amara,Andreutti,6954230830,37.4045,22.299837
gfolkerd1q@europa.eu,Gwenette,Folkerd,6914120926,36.479549,21.672262
blillie1r@google.com.br,Brice,Lillie,6961100569,36.138411,21.015957
nwhitewood1s@mozilla.com,Natalya,Whitewood,6949393480,39.162281,21.585718
jhuckstepp1t@eventbrite.com,Jock,Huckstepp,6932531154,39.736461,21.011839
aroast1u@webmd.com,Ad,Roast,6990697688,36.822626,22.203323
qsorensen1v@sfgate.com,Quent,Sorensen,6927899918,38.828032,22.844981
hdalinder1w@merriam-webster.com,Hugibert,Dalinder,6909912854,37.20558,21.496888
rgelland1x@wiley.com,Ruperto,Gelland,6992812342,36.120527,22.08477
tmaudling1y@umn.edu,Thea,Maudling,6928822596,38.949612,22.650425
mklos1z@plala.or.jp,Marlowe,Klos,6941899240,37.936993,21.001158
nwycliff20@free.fr,Norton,Wycliff,6925819931,36.43379,21.317652
bsheasby21@intel.com,Bryn,Sheasby,6903659747,37.177588,22.517249
fnitti22@foxnews.com,Faina,Nitti,6986850880,37.718604,21.28026
cfilippello23@netscape.com,Carney,Filippello,6978178900,36.319098,21.633923
cwastie24@yale.edu,Celinda,Wastie,6987746378,38.103788,21.792214
kvannini25@gov.uk,Kiah,Vannini,6919148713,36.450519,22.934756
bboddy26@fema.gov,Beth,Boddy,6924321724,37.361517,22.741371
bedes27@usnews.com,Beverie,Edes,6946395066,38.117882,21.639357
sdiegan28@netlog.com,Stavro,Diegan,6916231159,38.00004,21.646073
gstledger29@themeforest.net,Gery,St Ledger,6914432550,38.705233,21.604168
cskoate2a@nyu.edu,Christie,Skoate,6906396548,37.963366,22.627112
bvardie2b@thetimes.co.uk,Byrann,Vardie,6963256373,38.220898,21.925344
amcmakin2c@mtv.com,Adan,McMakin,6934842138,36.979429,21.705009
scinavas2d@mediafire.com,Shalne,Cinavas,6900283116,38.897888,22.773241
wgoing2e@google.cn,Woodrow,Going,6903267523,38.184545,22.191322
cgosnold2f@ebay.com,Cordy,Gosnold,6969671694,37.393717,21.865018
ntraite2g@123-reg.co.uk,Nissy,Traite,6990892839,37.015174,22.842201
ckibble2h@amazonaws.com,Camilla,Kibble,6921944042,36.35604,21.11378
tchaimson2i@tripod.com,Tomaso,Chaimson,6934026815,38.393457,21.431884
sbleyman2j@moonfruit.com,Sandi,Bleyman,6915349169,39.867765,22.432074
dgrisenthwaite2k@jiathis.com,Devinne,Grisenthwaite,6929164491,37.391491,22.521773
wdolphin2l@sbwire.com,Wallache,Dolphin,6915027442,36.872472,21.137532
avolke2m@amazon.com,Ashlin,Volke,6948478380,39.854682,22.452958
sedmands2n@loc.gov,Shurlocke,Edmands,6924921429,38.521249,22.955403
sfiltness2o@xrea.com,Starla,Filtness,6992964301,37.187405,21.325824
nbenyan2p@rambler.ru,Norrie,Benyan,6914706020,38.204691,21.949672
mboissier2q@icio.us,Mireielle,Boissier,6965990636,38.860135,21.703534
esoame2r@theglobeandmail.com,Eli,Soame,6915357700,36.598647,21.192421
